req,keyword,is_anchor,v
R0,서울피부과,1,"35.29348,37.29908,31.12442,31.52267,37.26679,37.13404,36.78243,36.00387,37.83008,34.82706,40.79721,40.87256,36.41647,34.29247,30.75487,31.24641,38.0597,34.40729,34.3427,32.83223,35.18584,34.0198,37.06587,37.22014,31.6626,34.7266,26.04405,28.57347,30.85533,29.04707,28.42278,28.30797,29.27669,28.49813,30.83022,30.81587"
R0,대구피부과,0,"44.52855,47.45622,38.98894,44.37069,56.12442,51.68986,49.41159,48.51822,49.98564,45.52956,56.60519,55.50731,51.26291,50.58122,48.42853,48.03745,57.41604,55.73335,68.58137,100,58.20536,57.56314,50.62787,49.60175,59.59385,63.28573,46.66331,48.50746,51.7078,57.34787,69.50703,52.27109,49.92465,45.09543,59.4037,59.82347"
R0,부산치과,0,"15.32003,15.28774,24.2609,35.22172,43.59931,33.90858,37.81931,66.43943,42.73464,25.63504,31.70206,29.07577,22.99081,17.28257,19.29176,28.125,20.24253,25.44489,51.99124,35.43699,26.4423,20.32505,77.95995,45.36093,32.50215,21.5198,15.40973,19.7797,23.15226,22.54233,47.17996,18.2477,17.61624,22.04004,44.62901,38.00947"
R1,서울피부과,1,"36.52532,38.60092,32.21075,32.6229,38.5675,38.43012,38.06624,37.2605,39.15045,36.04262,42.22114,42.29912,37.6875,35.48938,31.8283,32.33699,39.38808,35.60819,35.54136,33.97816,36.41393,35.20718,38.35957,38.51923,32.76771,35.93866,26.95306,29.57077,31.93227,30.06089,29.41482,29.296,30.29852,29.49279,31.90628,31.89143"
R1,서울치과,0,"29.64131,33.22441,31.0597,33.23184,36.42878,33.77766,32.18104,31.97683,34.83959,30.36907,33.76652,33.92247,28.31204,28.49769,30.95202,31.92113,32.60062,32.60433,32.74171,28.3566,29.1809,27.16099,30.03861,28.65735,25.59408,26.60775,24.11629,30.53616,31.46071,27.38378,28.16723,25.24506,27.86647,26.61146,28.64622,30.25025"
R1,서울성형외과,0,"11.2654,12.30877,12.43873,14.17273,16.31145,11.76295,12.3162,12.22709,10.32229,10.30001,11.00549,11.33224,10.54878,10.5525,12.39046,14.37694,15.89187,12.63181,11.03148,10.10322,9.57225,9.36803,10.44853,10.30744,9.62795,10.4114,10.83098,11.95232,13.56007,9.56482,9.08955,8.28382,7.66003,6.90999,7.40011,7.23674"
R1,서울안과,0,"74.90717,77.91474,65.47601,68.98485,76.14733,79.51136,78.50512,86.49933,87.65037,79.78984,89.15416,100,80.81464,71.58398,64.28412,66.5268,72.76102,75.53096,74.90717,76.86766,80.54359,72.71647,80.65498,83.45462,69.50096,70.44036,56.68349,62.57611,69.7386,66.7236,64.88563,71.2758,69.10738,67.12832,73.53705,78.62022"
R1,서울정형외과,0,"62.36818,69.27818,59.25293,64.09847,62.31249,55.92603,61.59215,63.19991,73.78583,67.7484,68.59126,68.30536,65.81018,67.74097,60.41511,57.51522,60.5525,54.87524,60.60077,57.70087,67.53675,66.4117,63.88311,67.22114,61.72954,65.40546,52.48774,57.73058,52.72538,48.87123,54.68216,54.09178,61.69241,59.46086,59.06356,58.71082"
R2,서울피부과,1,"31.00806,32.77014,27.34522,27.69512,32.74177,32.62514,32.31622,31.6322,33.23666,30.59828,35.84352,35.90972,31.9947,30.1286,27.02055,27.4524,33.4384,30.22947,30.17273,28.84566,30.9135,29.88904,32.56525,32.70079,27.81805,30.51002,22.88172,25.10402,27.10881,25.52011,24.97163,24.87076,25.72185,25.03782,27.08674,27.07413"
R2,서울한의원,0,"8.03177,8.9396,7.40764,7.71655,8.60547,8.7284,8.0034,8.20829,9.61102,7.97503,8.93014,9.56373,8.83558,8.35329,7.17437,7.01361,8.24297,7.40764,8.42894,7.43601,8.73786,8.78829,8.23036,8.85134,8.11688,8.5834,6.64165,6.51557,7.61253,7.06405,6.77089,7.11763,8.00025,7.4959,8.31231,8.04438"
R2,서울산부인과,0,"8.06014,7.54948,7.4234,7.32253,7.78905,7.80481,6.83709,7.73546,7.60307,7.4959,7.76383,8.75677,7.95927,7.36981,7.50535,7.02622,7.48644,6.38948,9.57004,7.05459,6.65742,5.74959,6.37687,6.76774,6.01122,7.07666,5.53208,5.93556,5.6298,6.09317,5.86622,5.73698,6.16567,6.28546,6.42415,6.96318"
R2,서울이비인후과,0,"70.90846,94.08964,87.77581,100,82.64405,68.72399,73.24423,74.76043,73.73282,56.80872,64.90984,78.42642,62.48896,71.29302,67.52616,82.62829,88.9106,49.69423,66.48278,65.93746,59.95776,44.58454,43.63573,47.40259,52.06783,65.348,66.56159,56.276,57.21535,54.00958,59.48493,63.80027,54.06316,41.38507,43.32997,44.91867"
R2,서울비뇨기과,0,"11.39831,12.30614,10.53145,11.01689,12.68125,11.85537,10.49993,10.90026,11.06733,10.28874,11.55276,11.69461,11.71983,11.32581,9.76862,10.30765,11.65048,10.83722,9.70558,9.54482,9.75602,8.36905,8.05383,7.73862,6.97894,7.46438,6.15622,6.9947,8.04753,6.65111,6.04589,6.20665,6.07741,5.77795,6.55655,6.87807"
R3,서울피부과,1,"20.05259,21.1921,17.68387,17.91014,21.17376,21.09833,20.89856,20.45621,21.4938,19.78758,23.17963,23.22243,20.69063,19.48385,17.4739,17.75318,21.62426,19.54908,19.51239,18.65419,19.99143,19.32893,21.0596,21.14726,17.98964,19.73051,14.79737,16.2345,17.53098,16.50358,16.14889,16.08365,16.63405,16.19169,17.51671,17.50856"
R3,부산피부과,0,"12.95865,13.19716,10.82436,12.32061,15.60257,19.15565,17.57175,15.38038,14.81979,12.82819,23.08789,30.61399,16.12646,12.90769,12.11472,14.53848,22.05642,29.91275,51.07224,30.51614,19.72031,26.40451,31.00742,26.87336,28.1515,37.52853,18.08341,16.03677,20.96787,21.51214,27.30552,14.71991,17.32713,16.11627,18.59915,14.78514"
R3,인천피부과,0,"10.90998,11.07509,10.02323,12.6325,14.00236,18.90492,18.80911,33.32925,14.83406,12.70588,25.34654,16.36904,11.82933,13.189,13.29908,12.60803,16.32827,18.62157,16.66666,21.30014,28.43892,16.84605,22.07884,22.45189,14.38967,17.93868,12.08414,14.08594,16.21616,14.25106,16.38943,12.37565,13.35004,11.31156,10.61439,10.22708"
R3,광주피부과,0,"30.55487,19.55724,15.96542,20.63356,24.27429,39.93803,22.98801,19.95882,26.3882,24.1581,23.41609,22.55177,21.54476,19.23312,17.09474,18.24853,24.33749,31.70662,28.8405,19.68158,33.10502,30.17367,25.48515,30.84841,22.26435,26.80406,21.61611,24.11529,27.62149,27.16079,33.68599,29.81898,30.60176,34.3913,49.77372,41.26304"
R3,대전피부과,0,"28.19634,28.6815,24.82876,26.2924,29.91479,34.71746,37.31857,30.38772,31.73312,30.84434,33.02144,63.75978,49.14995,38.61709,34.65427,32.69121,66.64832,58.75122,85.24951,100,63.50497,63.90859,48.86048,47.40296,54.69871,64.44267,33.17433,33.67376,37.0291,45.37671,42.31082,35.78563,43.71738,35.9059,45.38282,46.43264"
R4,서울피부과,1,"25.17208,26.60252,22.19862,22.48266,26.57949,26.48481,26.23403,25.67875,26.98124,24.83942,29.09746,29.1512,25.97302,24.45814,21.93505,22.28562,27.14501,24.54003,24.49397,23.41666,25.09531,24.26367,26.43619,26.54622,22.58246,24.76777,18.57519,20.37923,22.0067,20.717,20.27175,20.18987,20.88077,20.32549,21.98879,21.97855"
R4,울산피부과,0,"21.64333,24.04616,20.55835,22.63363,26.19821,24.92643,33.25827,32.48036,32.31914,24.77033,28.41167,35.70715,35.25166,28.28885,23.54205,25.26932,36.88937,49.31804,40.0087,35.65853,33.31968,33.43483,43.6398,37.5854,41.8025,34.77059,27.24992,32.02743,38.02809,35.02136,35.00857,28.88252,34.24601,29.96494,38.23281,47.25044"
R4,수원피부과,0,"22.92023,24.26622,22.87673,31.52332,32.44453,30.79915,31.10877,31.50029,37.68776,32.72089,33.79308,47.09178,32.03254,30.25921,27.99457,33.16615,53.62982,100,46.46485,33.84426,66.14294,83.61268,78.38992,59.39763,70.44448,75.76447,52.074,40.8429,40.5563,33.85449,43.42229,35.01624,53.27157,47.59845,77.09767,81.76002"
R4,창원피부과,0,"22.42636,23.34757,20.09519,22.15256,27.2141,26.65114,24.65518,32.72601,60.38281,54.74807,26.67673,26.02164,24.72427,23.18892,22.02205,24.35323,32.32682,27.99457,49.02377,30.04171,41.933,42.44223,36.78702,59.05473,34.11039,33.31968,25.60454,35.99375,32.12978,26.99659,31.22393,28.35538,29.56575,23.63673,44.86041,36.91752"
R4,제주피부과,0,"8.18086,9.19675,7.98894,8.78732,10.62207,9.95419,10.3457,10.2587,11.20038,11.09803,11.22086,10.402,9.55756,8.35742,7.82773,8.34463,15.60428,12.94557,17.83566,15.59661,12.82018,15.90624,16.30287,15.43284,19.40172,12.87136,13.15028,16.18004,14.6191,10.0156,13.53412,11.33089,12.17533,13.10422,12.1958,11.13641"
R5,서울피부과,1,"42.29876,44.70244,37.3022,37.77949,44.66374,44.50464,44.08324,43.15015,45.33883,41.73976,48.8949,48.9852,43.64465,41.09907,36.8593,37.4484,45.61403,41.23667,41.15927,39.34898,42.16976,40.77227,44.42294,44.60784,37.94719,41.61936,31.21345,34.24492,36.9797,34.81252,34.06432,33.92672,35.08771,34.15462,36.9496,36.9324"
R5,대구치과,0,"52.58857,78.74957,95.53233,59.12022,38.78998,60.75421,56.04575,40.12297,27.31768,20.82903,18.70485,32.35294,30.41365,27.64017,26.04059,32.03044,44.29824,32.30564,86.9066,82.60663,69.36704,100,62.96439,57.12504,64.31028,75.23649,23.39181,32.40024,27.66167,30.56845,65.49277,19.68094,34.35242,32.03904,64.08668,70.04643"
R5,인천치과,0,"23.22411,32.99363,34.54162,31.20055,22.76831,25.95029,19.83574,25.40419,31.55314,22.73391,22.42862,21.49552,16.62366,22.35982,22.99621,26.51358,24.3378,32.85603,30.41795,21.30632,26.71138,34.92432,43.55005,28.14757,28.64207,22.58771,20.76453,32.69693,35.41021,14.39628,15.30787,13.51909,18.88114,19.53474,24.5528,33.45803"
R5,광주치과,0,"16.16787,16.76556,19.99484,21.21603,23.06071,34.12022,28.10027,20.13673,20.12383,19.17354,21.65892,82.83883,26.74148,25.70519,23.8132,25.87289,37.3237,40.14877,30.78775,25.71809,36.9195,36.11111,21.78792,20.64843,24.6947,33.90522,28.78396,30.79635,19.34984,23.55521,24.3335,22.56621,22.25232,17.52665,31.50584,25.38699"
R5,대전치과,0,"23.38321,31.48004,35.60801,28.19487,31.57464,37.68059,43.24905,33.09683,31.60474,32.79583,34.52012,45.46353,37.1732,36.4938,36.8163,48.9035,67.45356,45.48073,63.12349,58.00653,64.11248,56.94874,58.64293,50.79979,53.99036,52.48968,49.312,47.45442,34.60182,31.10595,43.45975,31.58324,37.3495,28.53887,39.30598,37.72359"
R6,서울피부과,1,"19.31095,20.40832,17.02983,17.24774,20.39065,20.31802,20.12563,19.69964,20.69886,19.05575,22.32234,22.36356,19.9254,18.76325,16.82764,17.09658,20.82449,18.82606,18.79073,17.96427,19.25206,18.61405,20.28072,20.36513,17.3243,19.00078,14.25009,15.63407,16.8826,15.8932,15.55162,15.48881,16.01884,15.59285,16.86886,16.86101"
R6,울산치과,0,"10.43776,14.21083,17.08676,13.98115,11.41146,12.38908,35.20416,24.1539,17.3989,13.53356,14.98036,12.85237,10.09422,12.01217,10.70278,8.98704,11.83352,25.42795,34.34628,41.87475,28.87514,18.10561,27.20848,19.60149,15.11189,15.61248,11.39183,13.28621,13.96152,11.32901,11.9729,10.61248,17.22418,8.78877,8.7495,14.64468"
R6,수원치과,0,"14.30899,17.13977,27.54809,27.56576,36.71181,26.2446,32.69532,29.33451,25.12956,32.32822,51.01491,21.77856,17.00039,13.58853,13.91244,14.69768,31.3506,35.17275,37.72281,32.04554,34.02434,26.37416,49.23439,40.30427,43.8987,38.17824,17.11228,27.00824,21.63133,11.43305,31.96702,17.08676,24.25402,26.15822,40.62819,44.89791"
R6,천안치과,0,"9.47192,10.46525,9.55634,10.52807,12.87985,16.73144,15.80879,19.99411,17.70318,16.42913,16.88457,11.12092,10.49469,10.63604,9.88614,19.24028,19.93718,34.24617,23.19984,18.41774,29.06753,27.56772,83.75932,74.36003,34.34432,19.95484,12.25559,15.71652,14.35414,12.60895,14.82332,17.66588,16.39968,12.49509,12.35178,10.63407"
R6,청주치과,0,"14.25795,20.84609,16.93168,13.55516,15.23949,16.84727,15.16686,15.0687,32.38319,13.85944,12.20062,16.23478,22.68551,15.48488,15.84609,31.28386,33.42756,32.25166,56.60188,41.81782,68.85551,48.01138,100,61.10522,39.62897,29.39929,13.50019,19.0106,18.26069,22.44208,22.35767,8.58264,19.86454,22.64428,21.76285,19.45622"
R7,서울피부과,1,"40.70595,43.01911,35.89754,36.35686,42.98187,42.82876,42.42323,41.52528,43.63154,40.168,47.05371,47.14061,42.00115,39.55143,35.47132,36.03823,43.89638,39.68385,39.60936,37.86725,40.5818,39.23694,42.75014,42.92808,36.51824,40.05213,30.03807,32.95539,35.58718,33.50161,32.78159,32.64917,33.76644,32.86849,35.55822,35.54167"
R7,부산성형외과,0,"15.26524,15.17834,18.12877,20.64056,35.70719,20.00744,18.93569,30.36497,20.13158,17.53289,16.82529,17.7191,18.76603,15.88181,16.89563,18.16601,38.95141,44.78606,25.02275,39.21625,37.55276,45.40676,44.15708,44.15708,60.14234,49.47446,38.96797,33.68782,22.92477,21.11644,23.94272,25.37863,24.2117,29.36356,63.83762,55.97947"
R7,대구성형외과,0,"38.71968,34.76371,40.33766,40.74733,43.34602,34.37474,33.30298,29.31391,32.41744,32.51675,32.08226,36.24927,38.78589,36.94032,43.19705,51.58487,62.40999,70.16883,48.87031,37.61069,45.24538,79.58702,52.01108,75.11379,52.83869,50.01655,35.15683,38.48382,56.43879,49.85103,100,56.74501,29.18977,28.41595,46.59438,44.3226"
R7,인천성형외과,0,"9.02507,9.94786,11.31341,14.54936,12.25688,8.24712,7.97815,14.13556,39.5266,27.03384,13.84176,13.63899,15.67905,9.28991,12.23619,13.68037,24.54274,34.46164,21.36058,28.98286,19.27087,29.47529,27.23661,61.76032,20.72746,11.97136,7.38227,9.94786,8.54092,6.36431,11.7686,10.99892,7.84159,9.19059,9.15749,9.09542"
R7,대전성형외과,0,"14.11073,14.53695,15.89836,17.55358,17.69014,14.85558,14.38384,12.90242,11.92998,12.90656,18.73706,18.52189,20.27642,18.63361,19.39501,20.28055,22.25026,16.92874,28.22146,23.66548,23.70272,19.08052,29.1939,22.24199,23.44616,23.24339,25.10552,28.44078,33.32781,19.21708,21.34403,16.63907,18.77017,15.84457,15.49697,15.228"
R8,서울피부과,1,"51.2237,54.13455,45.17288,45.75088,54.08769,53.89502,53.38471,52.25473,54.90522,50.54676,59.21162,59.32097,52.85357,49.77088,44.63653,45.34992,55.23849,49.93751,49.84378,47.65153,51.06748,49.37513,53.79608,54.01999,45.95396,50.40095,37.79941,41.47052,44.78233,42.15788,41.25182,41.08519,42.49114,41.36117,44.74588,44.72505"
R8,부산한의원,0,"19.74067,54.83753,17.34013,11.36221,11.67465,12.19016,42.55363,44.17829,35.73213,36.44553,31.759,21.38616,16.59029,13.38262,13.52843,13.11705,12.49218,10.91439,13.16913,13.34617,15.28848,17.27765,14.23661,15.42907,15.61133,13.794,12.69527,17.2464,37.6484,31.4674,14.11685,18.0327,13.0806,13.59091,15.8092,13.66902"
R8,대구한의원,0,"15.79879,14.45532,23.79191,19.26161,18.55342,21.04249,28.38471,29.42616,40.92897,29.85315,27.65569,27.17142,17.97542,17.72026,17.387,26.34867,30.6082,24.81774,34.01374,30.09789,14.05436,13.00249,22.06311,22.90147,17.06936,13.88773,11.67465,15.99146,25.33326,20.41762,15.75192,18.64194,15.4499,11.72672,12.50781,13.97625"
R8,인천한의원,0,"48.04207,57.51405,100,54.19183,32.20683,31.93605,41.00187,42.90252,32.30056,27.89002,29.12934,24.90106,27.73901,21.57363,17.98583,17.95459,19.78233,19.95938,21.24557,21.15705,22.54738,21.61528,24.72401,34.57612,26.58821,29.36367,20.70922,19.05852,23.60966,17.82961,20.54259,22.72963,19.12622,15.25203,16.75171,14.13767"
R8,대전한의원,0,"13.54405,14.07519,12.83586,14.30431,14.93438,13.95542,15.40304,20.97479,17.33493,15.86127,16.52259,17.80358,24.01062,15.06977,14.27306,15.42907,16.33513,46.02166,14.56467,13.64819,14.52301,15.13226,25,23.84399,21.86523,39.42928,17.59529,31.23307,16.05394,24.88023,14.58029,14.6584,15.69464,14.57508,26.66111,21.62049"
R9,서울피부과,1,"62.29497,65.83496,54.93635,55.63928,65.77797,65.54366,64.92305,63.54885,66.77221,61.47172,72.00937,72.14235,64.27711,60.52814,54.28408,55.15166,67.1775,60.73079,60.6168,57.95073,62.10499,60.04686,65.42334,65.69564,55.88626,61.2944,45.96922,50.43379,54.4614,51.26971,50.16781,49.96517,51.675,50.3008,54.41707,54.39174"
R9,부산안과,0,"20.52434,18.56753,16.55373,17.37065,20.40402,23.45639,28.9152,20.38502,20.60667,20.55601,26.57843,24.88126,23.51339,20.89164,18.39655,19.68843,29.93477,42.09993,45.26629,34.86796,48.68596,35.02628,57.2098,34.11436,28.28826,32.96814,17.06035,17.59863,23.83636,17.5163,28.16794,21.25261,41.27667,64.18846,41.96694,34.13336"
R9,대구안과,0,"40.85871,43.47413,35.40624,37.31872,39.83281,39.74415,40.20644,38.2623,41.64397,38.33196,45.31695,43.45513,41.94794,40.14311,35.09594,35.62788,41.21968,37.76834,43.11949,39.9088,39.02222,37.96466,40.00379,43.56278,36.25482,45.05097,33.64574,36.09651,38.81324,35.8052,35.52023,35.76087,39.68716,40.19378,41.70096,41.82762"
R9,부산정형외과,0,"22.89911,23.31707,18.49787,28.55423,25.1599,26.43911,28.26293,26.78741,30.5997,33.97504,26.83807,28.50357,27.78798,24.01367,23.24741,25.02691,26.8634,33.45576,34.63998,36.96409,26.39478,24.83059,28.74422,32.90481,27.522,27.05338,18.49787,32.77816,50.78209,48.9646,63.32087,45.60825,26.85707,19.2388,18.20657,18.53587"
R9,대구정형외과,0,"33.62041,32.52485,28.2186,27.82597,28.72522,27.96529,28.47191,27.24336,35.70388,31.45462,30.99867,32.48052,38.64859,33.72807,31.55594,34.56399,34.88062,27.1547,31.77126,31.14432,53.49249,100,74.1055,54.3854,66.22759,65.11937,34.39934,34.67798,28.59223,31.16332,34.80463,33.35444,35.68488,40.26977,37.72402,38.78158"
R10,서울피부과,1,"81.72981,86.37421,72.07544,72.99767,86.29943,85.99202,85.17779,83.37487,87.60385,80.64971,94.4749,94.64938,84.33034,79.41176,71.21967,72.35792,88.13559,79.67763,79.52808,76.03024,81.48055,78.78032,85.83416,86.19142,73.3217,80.41708,60.31073,66.16816,71.4523,67.26487,65.8192,65.55333,67.79661,65.99368,71.39415,71.36091"
R10,부산이비인후과,0,"33.56596,39.19076,33.61581,38.65071,37.88634,37.1552,36.50714,37.10535,39.44832,35.31073,51.10501,55.53339,55.82419,42.04885,36.34097,41.33433,41.74144,31.27284,33.92323,33.08408,32.63542,28.67231,38.31837,45.43868,47.94782,36.34097,47.88135,38.32668,34.53805,37.29644,34.01462,31.28946,30.15121,23.58757,25.27417,27.21003"
R10,대구이비인후과,0,"33.82352,39.58956,31.13991,35.84247,41.47557,55.27583,39.98836,40.0216,39.19076,31.5304,33.22532,39.53971,37.76171,31.27284,27.94948,31.97075,42.24825,27.22665,53.96311,29.61116,35.48521,52.88301,51.32103,37.67032,46.3443,41.33433,73.2303,100,28.78032,33.41641,29.37853,31.00697,33.18378,30.38384,32.73512,33.5992"
R10,부산산부인과,0,"33.71552,32.35294,27.76669,30.58325,37.8531,62.13027,33.47457,36.81455,34.75407,30.90727,32.36955,34.41342,36.73147,30.3423,25.83084,26.95247,32.85144,26.55367,30.1429,25.29079,28.38983,28.62246,26.73645,36.23296,25.82253,31.97075,23.65403,25.73113,25.93054,27.97441,24.2107,29.27052,33.36656,27.5756,29.72748,30.69956"
R10,대구산부인과,0,"42.5972,44.82386,37.86141,40.33732,42.97939,41.07676,42.68029,50.61482,44.98172,42.10701,45.09803,46.17813,47.3413,44.00132,37.49584,39.61448,44.80724,39.53971,47.45762,52.83316,42.48089,40.63642,41.27617,48.12229,39.74742,47.72349,34.24725,38.33499,37.67032,37.56231,39.34031,44.34197,44.31704,39.22399,40.37055,40.61149"
R11,서울피부과,1,"86.35007,91.25702,76.14992,77.12429,91.17801,90.85323,89.99297,88.08813,92.55617,85.20891,99.81566,100,89.09761,83.90098,75.24578,76.44838,93.11797,84.18188,84.02387,80.3283,86.08672,83.23384,90.68644,91.0639,77.46664,84.96313,63.72015,69.9087,75.49157,71.06741,69.54002,69.25912,71.62921,69.72436,75.43012,75.39501"
R11,서울내과,0,"64.17661,87.99157,80.8462,97.40168,76.29037,66.22191,65.24754,62.63167,65.51088,60.99016,68.74122,78.65168,63.93082,72.84058,66.2658,74.63132,76.76439,54.16081,60.40203,54.27492,55.66186,50.35112,53.01966,57.70716,57.37359,66.08146,63.88693,61.86797,53.30933,50.43012,49.62254,46.64676,47.7528,45.30372,49.56987,54.79283"
R11,부산내과,0,"18.33742,20.93574,17.67029,23.50772,19.43469,19.23279,16.30091,15.28265,17.30161,15.22998,17.35428,19.73314,15.84445,16.37991,14.0625,18.88167,23.13904,14.29073,16.19557,14.60674,17.09971,13.05301,12.14887,13.73771,13.72015,17.77563,12.75456,13.77282,14.00983,19.24157,13.91327,13.11446,15.15098,11.16573,12.06987,12.74578"
R11,대구내과,0,"20.62851,24.58742,19.06601,28.08988,24.64887,24.06074,19.36446,18.42521,20.07549,17.39817,17.33672,21.34831,21.65554,20.43539,17.7054,22.84058,27.14185,14.71207,18.14431,14.58918,16.46769,15.49332,12.49122,14.95786,13.55337,23.55161,16.84515,17.80196,17.38061,24.82443,15.783,13.43925,17.9863,14.26439,14.29073,16.30969"
R11,인천내과,0,"10.78827,11.06917,9.90168,12.64044,11.13061,11.27106,9.35744,10.4547,13.47436,8.5323,9.2521,10.77949,9.375,9.01509,6.73279,9.50667,12.3771,7.28581,9.21699,7.11903,8.22507,7.11903,7.03125,7.33848,13.26369,12.9389,11.74508,12.94768,12.34199,10.84971,6.79424,6.53967,7.17169,5.92521,6.59234,6.6889"
R12,서울피부과,1,"86.35007,91.25702,76.14992,77.12429,91.17801,90.85323,89.99297,88.08813,92.55617,85.20891,99.81566,100,89.09761,83.90098,75.24578,76.44838,93.11797,84.18188,84.02387,80.3283,86.08672,83.23384,90.68644,91.0639,77.46664,84.96313,63.72015,69.9087,75.49157,71.06741,69.54002,69.25912,71.62921,69.72436,75.43012,75.39501"
R12,광주내과,0,"16.58181,18.09164,15.55477,18.81144,17.93363,17.35428,15.56355,15.84445,16.7047,14.68574,15.10709,18.39887,17.02071,15.56355,14.60674,18.46032,20.94452,12.56144,14.34339,13.05301,14.0625,12.26299,12.24543,13.94838,12.93012,16.81882,14.18539,13.2198,14.65063,16.76615,14.15905,14.11516,16.88026,13.53581,12.40344,14.10639"
R12,대전내과,0,"30.07373,34.84901,27.80021,38.13202,33.70786,33.76931,28.89747,28.03721,32.35603,28.87991,30.28441,34.23455,33.76931,30.17907,24.89466,31.9698,37.44733,22.04178,24.86832,21.10252,24.20997,24.38553,20.57584,23.04248,21.76088,28.29178,22.77914,22.37535,21.97155,26.82584,23.49016,20.12816,24.38553,22.18223,21.58532,22.36657"
R12,울산내과,0,"26.00948,31.08321,28.27422,37.41221,34.40133,28.97647,24.30653,23.99051,26.76439,20.97963,23.70084,28.26544,22.91959,23.2356,20.11938,26.04459,37.2191,19.09234,21.1113,19.85603,19.19768,17.89852,16.58181,18.53932,15.27387,23.26193,18.58321,17.89852,21.1903,25.19311,18.13553,16.28335,20.33883,17.74929,16.69592,16.82759"
R12,수원내과,0,"17.80196,20.37394,17.81074,22.85814,20.4705,19.14501,17.0646,14.57162,15.75667,15.75667,17.05582,19.85603,17.29283,17.83707,14.36973,18.32865,22.73525,12.28932,14.56285,12.10498,19.35568,21.61165,21.81355,19.1099,14.53651,18.09164,16.43258,22.73525,34.12043,19.35568,14.44873,13.79037,13.44803,13.26369,25.4389,14.67696"
R13,서울피부과,1,"65.90513,69.65027,58.12005,58.86372,69.58997,69.34208,68.68551,67.23167,70.64183,65.03416,76.1825,76.32319,68.00214,64.03591,57.42998,58.34784,71.07061,64.2503,64.1297,61.30912,65.70414,63.52673,69.21479,69.50288,59.12501,64.84657,48.63325,53.35655,57.61758,54.24092,53.07517,52.86077,54.6697,53.21586,57.57068,57.54388"
R13,인천안과,0,"12.03269,11.11483,9.21881,10.42476,10.19697,11.09473,12.05279,11.14833,12.04609,10.86024,17.38576,12.84336,13.05105,11.04113,9.53369,9.98928,11.20192,11.7446,16.78949,9.72799,10.70615,13.03095,39.61543,14.67908,9.07811,12.09969,8.44164,9.4801,11.8853,10.75974,10.07637,10.38456,13.93541,10.19697,10.10987,11.41632"
R13,광주안과,0,"71.3855,75.82071,69.97856,80.04153,96.93822,90.76778,82.13855,79.43186,80.41002,76.87257,83.2239,89.08615,80.7584,77.54924,79.77354,88.75117,100,92.7978,84.71794,80.8455,81.72986,77.26785,82.95591,85.72289,74.30657,83.78668,71.4056,83.57898,98.49256,84.82513,85.5956,79.25097,80.01473,78.4001,83.69958,91.14297"
R13,대전안과,0,"43.86305,41.46455,28.69489,45.96006,38.57697,36.23207,48.40546,40.473,46.04046,37.24373,39.53503,38.29559,39.42784,33.51869,29.12367,28.17231,35.88369,28.82218,33.2239,32.50033,35.89709,31.13359,28.65469,32.94251,29.94104,39.86332,26.20929,29.35146,27.46884,29.50556,27.73013,29.71325,29.45196,30.7651,33.53879,34.40305"
R13,울산안과,0,"23.7237,24.17258,42.00723,31.48867,27.65643,29.63955,27.05346,26.1892,28.00482,24.10558,23.12742,23.7371,24.49417,21.98177,18.29693,20.24654,22.63834,20.13265,21.96167,24.36017,32.23904,32.05145,24.27978,23.5897,20.40734,26.38349,18.853,26.32319,37.14323,43.16628,44.02385,37.9807,25.17084,27.78373,21.69368,22.08897"
R14,서울피부과,1,"76.89361,81.26319,67.81052,68.67818,81.19283,80.90361,80.13757,78.44133,82.42007,75.87743,88.88454,89.04869,79.34026,74.71273,67.00539,68.07629,82.92034,74.96287,74.82216,71.5313,76.65911,74.11865,80.7551,81.09122,68.98303,75.65856,56.74196,62.25279,67.22426,63.2846,61.92448,61.67435,63.78488,62.08864,67.16954,67.13827"
R14,인천정형외과,0,"24.29453,22.85624,20.48776,21.46486,21.39451,22.24654,43.31274,20.85515,22.184,22.87969,23.84897,23.82552,24.77135,22.89533,19.11201,19.01039,20.65973,18.76807,26.0064,27.46814,29.14875,31.61885,35.0895,27.38997,35.84772,24.61502,17.21253,18.94004,15.20362,18.07238,20.22199,18.55702,19.02602,17.46267,15.7977,14.33596"
R14,광주정형외과,0,"31.39998,32.58031,25.71718,33.39326,28.39052,29.86007,29.79754,33.26819,45.72031,37.43453,31.65012,46.3691,43.12514,31.65012,28.07785,26.17056,29.56304,25.68592,59.86867,38.80247,46.3691,34.30782,31.05604,31.04822,28.96115,37.31728,31.39998,29.67247,34.87844,32.92425,34.71429,29.36762,37.33291,31.47033,34.04987,34.2531"
R14,대전정형외과,0,"53.77159,53.99828,42.00734,43.83647,46.1346,47.94809,53.48237,54.19369,58.18807,53.88102,44.28984,42.39036,54.49073,48.40928,39.66231,41.68686,45.2513,37.30946,61.29914,100,68.51403,58.28187,59.19643,89.55678,73.12592,61.66653,83.03759,96.99835,55.24896,48.7454,54.45947,52.13788,49.93355,45.09497,45.947,48.10443"
R14,울산정형외과,0,"31.55631,35.6054,29.18783,28.46869,27.94496,29.86007,32.74446,33.0415,38.91972,35.07386,28.96896,29.98514,35.86336,32.54123,27.8199,28.03877,30.37598,25.38106,30.89189,29.91479,35.33963,33.24474,31.30618,33.21347,31.28273,37.15313,27.49941,42.5467,47.59634,44.24294,52.75541,31.5485,34.05768,32.08786,30.81372,31.26709"
R15,서울피부과,1,"86.35007,91.25702,76.14992,77.12429,91.17801,90.85323,89.99297,88.08813,92.55617,85.20891,99.81566,100,89.09761,83.90098,75.24578,76.44838,93.11797,84.18188,84.02387,80.3283,86.08672,83.23384,90.68644,91.0639,77.46664,84.96313,63.72015,69.9087,75.49157,71.06741,69.54002,69.25912,71.62921,69.72436,75.43012,75.39501"
R15,광주성형외과,0,"34.56811,35.02457,40.41432,49.38553,57.44382,44.07478,41.99438,36.77141,47.94592,53.95891,59.80512,51.46594,38.66748,39.80863,42.37183,48.2356,53.04599,41.45891,39.76474,36.85919,36.98209,38.13202,33.94487,37.44733,66.63448,92.95119,71.04108,89.18539,62.9389,33.94487,33.26896,45.82162,36.36762,28.90625,31.73279,36.7363"
R15,울산성형외과,0,"18.81144,18.93433,19.73314,22.20856,23.36727,19.69803,20.65484,25.03511,28.74824,26.38693,26.71172,29.02036,22.56846,19.33813,17.9073,19.99648,20.66362,18.43398,18.04775,16.30969,16.95049,17.00316,16.97682,17.65273,16.03757,18.27598,16.16046,22.73525,22.61235,17.74051,15.5811,14.33462,14.79108,13.55337,14.84375,13.85182"
R15,광주한의원,0,"16.29213,16.94171,13.92205,14.36095,16.44136,18.76755,18.60955,19.27668,16.69592,20.89185,19.59269,16.9066,33.32162,17.51228,17.40695,15.47577,18.16186,24.11341,17.64396,14.09761,12.52633,17.45962,15.89712,24.38553,22.55091,36.2974,13.76404,13.77282,13.64992,16.09901,17.13483,19.83848,20.93574,19.78581,19.52247,18.20575"
R15,울산한의원,0,"18.61832,19.70681,17.79318,17.28405,16.88026,18.01264,17.24894,16.66959,18.96067,17.33672,38.10568,52.90554,29.05547,16.66959,17.19627,15.63377,29.94206,23.75351,17.8283,21.86622,32.64571,52.74754,31.59234,52.74754,51.23771,45.19838,16.94171,18.48665,18.31987,17.96875,15.94101,16.16924,15.95856,14.28195,15.73911,16.7047"
R16,서울피부과,1,"19.36379,20.46416,17.07643,17.29493,20.44644,20.37361,20.1807,19.75354,20.75549,19.10789,22.38341,22.42475,19.97992,18.81459,16.87368,17.14336,20.88147,18.87758,18.84214,18.01342,19.30473,18.66498,20.33621,20.42085,17.3717,19.05277,14.28908,15.67685,16.9288,15.93669,15.59418,15.53119,16.06267,15.63551,16.91502,16.90714"
R16,강남피부과,0,"28.2022,48.83958,51.44386,37.31816,36.97761,51.23127,41.33186,43.60544,61.75272,61.74287,55.98905,37.09572,35.35166,31.71591,29.50138,30.20806,34.76309,32.70014,34.4501,35.24536,36.89494,34.46388,39.82598,45.32587,42.18617,35.73945,30.71593,32.43636,35.50717,32.2592,36.47369,38.98545,49.45178,47.2845,33.82807,37.48745"
R16,강남치과,0,"8.70258,26.79081,46.85931,17.78901,12.85801,10.87773,11.76945,12.75959,10.66317,24.5999,18.23389,18.79293,18.41105,11.56079,10.95254,16.02527,20.88935,27.24552,26.779,58.33152,82.22672,54.97529,100,58.37877,35.66268,36.64297,43.27277,27.03293,17.7024,21.48579,18.70435,22.4838,18.64136,17.45438,25.26131,34.37137"
R16,부평치과,0,"8.68683,30.31436,42.73734,24.93651,25.84004,16.4229,16.25361,11.89346,26.36759,21.04289,15.47607,17.02328,12.42298,12.69463,15.07253,10.18483,10.35412,11.54307,19.2634,26.21995,41.25312,34.32019,31.12734,33.29068,40.56219,34.39105,10.68089,13.01155,9.11202,9.11793,11.26946,9.46831,13.62965,13.62571,13.70445,13.34619"
R16,서면피부과,0,"24.49164,34.42845,36.88706,34.19814,32.70801,49.96948,36.44613,30.22578,26.92269,27.7711,40.51888,57.29021,57.12879,46.31011,40.85352,42.09365,56.88667,62.15625,64.07944,58.13468,62.91017,68.43566,44.54439,29.26714,37.30044,46.86128,24.56644,30.53089,28.72384,25.01328,27.50733,23.91882,30.61553,30.43444,46.09751,40.16456"
R17,서울피부과,1,"1.37826,1.45658,1.21545,1.231,1.45532,1.45014,1.43641,1.406,1.47732,1.36005,1.59319,1.59613,1.42212,1.33917,1.20102,1.22022,1.48629,1.34365,1.34113,1.28215,1.37406,1.32852,1.44748,1.4535,1.23647,1.35612,1.01706,1.11583,1.20494,1.13433,1.10995,1.10547,1.1433,1.11289,1.20396,1.2034"
R17,피부과,0,"72.57731,77.2081,62.04031,61.19909,69.22909,70.06513,71.15785,75.17622,82.40535,77.14659,81.20587,85.82531,75.8063,68.67818,59.7411,61.26536,70.01806,67.00008,71.06076,67.37697,76.43581,75.59389,79.62444,80.83808,70.46291,78.94421,57.94909,60.01515,64.87166,62.19527,64.23052,64.70661,73.20445,68.97633,71.0955,72.95071"
R17,치과,0,"36.46288,42.403,37.21541,41.19609,40.02056,40.99069,39.99254,39.17822,42.94817,39.41066,39.92977,41.7662,37.48344,37.62327,34.89196,38.39991,39.6361,37.46131,38.93989,35.16294,39.38446,37.18879,38.55403,40.1213,34.74008,40.75937,32.93504,38.11856,35.0877,34.83073,36.05096,32.86667,36.44018,34.94478,35.93214,38.22435"
R17,한의원,0,"25.90865,30.10691,24.44197,23.88251,25.35577,25.7174,27.12649,27.57582,30.5278,28.0379,28.7414,29.90459,29.34359,28.14677,23.83039,22.96577,26.02522,22.1911,26.26761,24.15909,26.85789,25.50219,24.39195,26.21801,23.7913,28.10151,20.72708,20.88513,20.93739,20.76323,22.26185,20.79658,24.20266,22.86433,22.63525,23.68061"
R17,내과,0,"68.79643,84.56249,83.97137,100,85.27159,71.25593,66.31144,66.87888,69.58427,59.95841,66.2928,81.49296,62.7375,68.77359,62.9691,83.76358,92.80995,57.25022,67.94008,60.71851,62.20354,55.78116,55.18149,60.79011,61.29604,71.61027,73.40845,65.43266,65.21899,61.69172,56.36892,53.17707,54.87535,49.68033,49.33846,53.1971"
R18,서울피부과,1,"1.52788,1.6147,1.34739,1.36463,1.6133,1.60755,1.59233,1.55863,1.63769,1.50768,1.76614,1.7694,1.57649,1.48454,1.3314,1.35267,1.64763,1.48951,1.48672,1.42133,1.52322,1.47274,1.6046,1.61128,1.37069,1.50334,1.12746,1.23696,1.33575,1.25746,1.23044,1.22547,1.2674,1.2337,1.33466,1.33404"
R18,정형외과,0,"83.32269,89.74765,74.53345,71.03348,72.68981,72.44689,81.97141,89.12171,100,90.2807,84.95215,87.67863,86.51436,84.82603,72.36457,66.9321,70.97865,64.34463,79.66367,76.23048,86.72528,82.70405,77.84518,79.7567,76.62468,84.74495,64.8182,65.28292,64.62638,59.45299,69.07443,68.66935,80.1961,75.03684,71.43203,73.26635"
R18,안과,0,"57.45573,57.55001,46.13292,44.85573,45.12412,46.36186,50.26008,63.78579,63.10782,56.34877,55.46795,60.72615,55.22829,49.474,43.04547,41.80556,43.57247,42.80628,50.93184,59.5774,61.16912,54.27789,53.57445,55.93142,51.52547,55.6534,40.70558,41.50688,41.23615,40.04361,44.97843,55.67142,52.10031,50.15679,50.69513,53.9598"
R18,성형외과,0,"6.01833,6.31499,6.31405,6.64737,7.63319,6.22692,6.47621,6.28454,6.39467,6.06679,6.1884,5.8978,5.79575,5.87217,5.86906,6.38907,6.66539,5.64509,5.5067,5.18271,5.37732,5.1928,5.35402,5.58638,5.16702,5.14947,4.96666,6.44949,6.42262,5.63608,4.69888,4.81304,4.72218,4.33295,4.11007,4.18959"
R18,병원,0,"38.01451,46.29042,39.57268,46.75948,34.77532,34.19691,34.31355,33.49937,35.66856,31.18432,28.21896,36.28254,34.63304,33.26949,29.12929,38.23351,45.33333,21.00435,31.89072,32.09279,30.74291,25.50552,21.5326,24.73607,26.33151,38.31102,34.95782,27.98008,25.58862,28.3266,26.09015,24.31593,26.33912,20.88258,19.12685,21.42807"
R19,서울피부과,1,"8.24407,8.71255,7.27024,7.36326,8.70501,8.674,8.59187,8.41001,8.83659,8.13513,9.52967,9.54727,8.50639,8.01025,7.18392,7.29873,8.89022,8.03707,8.02199,7.66916,8.21893,7.94656,8.65808,8.69412,7.39595,8.11166,6.08353,6.67437,7.20738,6.785,6.63917,6.61235,6.83863,6.65677,7.20152,7.19816"
R19,임플란트,0,"33.51351,34.35912,33.35009,36.20958,41.34778,35.17875,38.33408,33.61241,34.04233,32.21702,34.05658,31.08479,28.65439,31.62534,34.18397,33.71381,33.00983,35.46705,34.83515,30.20817,29.32652,28.63512,27.84314,26.88104,25.15043,22.51219,23.28656,27.52635,38.12624,19.853,21.40091,19.63845,18.06875,17.69078,18.06037,20.23264"
R19,라식,0,"13.52558,13.20712,15.27547,18.57913,21.57858,19.22445,17.77543,13.35713,12.98587,13.69152,14.56395,14.39801,12.63304,12.58862,16.08001,16.25601,17.83074,14.54802,11.87123,10.70967,10.65101,10.67615,11.39605,11.70027,11.12954,9.79282,11.1329,12.5903,12.64896,9.14835,7.582,6.91155,6.47659,6.33328,7.23001,6.95345"
R19,도수치료,0,"48.46214,47.16062,45.1392,41.41566,48.11266,52.32061,46.48933,45.14423,47.00474,45.58086,48.49985,48.59958,45.67891,40.23315,45.39816,38.89224,75.94324,38.6735,46.19097,40.7209,36.0889,34.09597,35.89279,34.62563,33.66688,28.3485,30.20901,68.42242,47.90985,32.0712,29.42961,43.37423,42.72053,100,72.7326,30.03972"
R19,여드름치료,0,"2.87373,3.08157,2.70277,2.74048,3.31456,2.95419,2.55024,3.20393,2.31977,2.23764,2.83099,2.8972,2.70528,2.76311,2.63907,2.55527,3.73024,3.50312,2.6265,2.25775,2.2435,2.30468,2.70863,2.7564,2.51169,2.57538,2.34156,2.88379,3.09079,2.19992,1.91163,1.50265,1.45488,1.43561,1.69373,1.50936"
R20,서울피부과,1,"0.01288,0.01361,0.01136,0.0115,0.0136,0.01355,0.01342,0.01314,0.0138,0.01271,0.01489,0.01491,0.01329,0.01251,0.01122,0.0114,0.01389,0.01255,0.01253,0.01198,0.01284,0.01241,0.01352,0.01358,0.01155,0.01267,0.0095,0.01043,0.01126,0.0106,0.01037,0.01033,0.01068,0.0104,0.01125,0.01124"
R20,날씨,0,"48.70957,35.04784,54.50957,55.23728,48.13055,49.96504,60.35387,53.09006,50.8035,51.24918,100,52.70255,54.34313,49.56759,50.10832,34.19,41.35928,41.65885,58.47899,62.15679,63.20352,62.25255,60.2023,63.72432,65.91925,58.06392,37.95628,52.1107,45.43713,39.10839,44.22487,51.56853,51.23856,44.164,74.39954,58.04322"
R20,지하철,0,"0.48332,0.46931,0.58378,0.45054,0.40701,0.41045,0.44518,0.41416,0.41165,0.36395,0.42189,0.37677,0.35475,0.404,0.5691,0.47947,0.32389,0.3339,0.3959,0.35802,0.38959,0.36343,0.38777,0.33335,0.3359,0.34451,0.33847,0.44855,0.31572,0.27472,0.32033,0.30814,0.33661,0.27982,0.28497,0.26646"
R20,환율,0,"15.28601,15.91687,18.27815,15.07574,15.3533,11.79965,13.28421,18.13555,14.67904,13.30653,14.6571,16.82308,12.5935,14.70444,18.83235,35.09748,22.3708,17.26456,16.5802,26.18376,23.85831,19.12725,17.36622,15.50432,16.49182,22.646,26.92693,32.52978,33.56051,20.41755,41.53425,26.73546,21.77606,29.98757,27.22484,24.33564"
R20,로또,0,"8.8972,8.74969,7.92179,9.26177,8.88239,8.83074,10.23863,8.62183,8.5265,9.21445,9.74247,10.52149,9.41655,10.06794,18.80724,22.67801,20.6377,19.58662,22.95616,18.1378,19.25821,20.02002,17.95128,20.43339,18.71595,18.7818,22.2791,18.35177,22.13183,21.16759,23.50538,19.06135,21.85906,19.17129,18.37055,21.41313"
