시도,시군구,시군구_정식,시군구_묶음,인구,남,여,면적_km2,병의원_계,보건기관_포함_계,의사수,인구1만명당_병의원,1개소당_인구,km2당_병의원,65세이상_비율%,20~39_비율%,여성20~49,의원수,미용겸업_의원수,미용겸업_비율%,겸업중_일반의원장,종별_병원,종별_보건소,종별_보건의료원,종별_보건지소,종별_보건진료소,종별_상급종합,종별_요양병원,종별_의원,종별_정신병원,종별_조산원,종별_종합병원,종별_치과병원,종별_치과의원,종별_한방병원,종별_한의원
강원,강릉시,강릉시,강릉시,205440,101884,103556,1038.1,258,275,789,12.6,796,0.2,28.6,19.6,31318,122,30,24.6,3,1,1,0,7,9,1,2,122,2,0,3,1,67,1,58
강원,고성군,고성군,고성군,27196,13936,13260,690.6,19,32,28,7.0,1431,0.0,36.0,17.0,3157,7,4,57.1,1,0,1,0,3,9,0,0,7,0,0,0,0,6,0,6
강원,동해시,동해시,동해시,85534,43311,42223,180.9,104,106,166,12.2,822,0.6,27.5,17.9,12205,48,25,52.1,4,1,1,0,1,0,0,3,48,0,0,2,0,30,0,20
강원,삼척시,삼척시,삼척시,60041,30735,29306,1182.2,51,66,102,8.5,1177,0.0,33.5,17.1,7551,24,11,45.8,1,1,1,0,8,6,0,1,24,0,0,1,0,13,0,11
강원,속초시,속초시,속초시,78788,38925,39863,106.5,134,135,195,17.0,588,1.3,27.0,19.2,11917,69,18,26.1,4,0,1,0,0,0,0,2,69,0,0,2,1,37,0,23
강원,양구군,양구군,양구군,20354,10712,9642,668.3,16,24,61,7.9,1272,0.0,29.1,21.1,2743,5,4,80.0,1,3,1,0,4,3,0,0,5,0,0,0,0,5,0,3
강원,양양군,양양군,양양군,27350,13989,13361,631.6,15,26,25,5.5,1823,0.0,38.0,14.0,3066,6,1,16.7,1,0,1,0,5,5,0,0,6,0,0,0,0,5,0,4
강원,영월군,영월군,영월군,35651,18469,17182,1116.3,25,38,60,7.0,1426,0.0,39.6,12.6,3585,10,7,70.0,1,1,1,0,7,5,0,1,10,0,0,1,0,8,0,4
강원,원주시,원주시,원주시,365379,180937,184442,869.6,495,513,1183,13.5,738,0.6,21.2,23.4,67352,239,85,35.6,11,17,1,0,9,8,1,6,239,2,0,1,2,111,4,112
강원,인제군,인제군,인제군,30692,16822,13870,1629.3,23,34,42,7.5,1334,0.0,28.5,22.7,4154,5,1,20.0,0,1,1,0,5,5,0,1,5,0,0,0,0,9,0,7
강원,정선군,정선군,정선군,35137,18488,16649,1211.7,20,39,45,5.7,1757,0.0,37.1,13.3,3693,8,2,25.0,0,2,1,0,7,11,0,0,8,0,0,0,0,5,0,5
강원,철원군,철원군,철원군,39598,20433,19165,748.5,39,51,72,9.8,1015,0.1,31.1,20.3,5265,17,12,70.6,2,1,1,0,4,7,0,1,17,0,0,0,0,10,0,10
강원,춘천시,춘천시,춘천시,284783,140233,144550,1109.7,356,380,966,12.5,800,0.3,23.5,24.3,51911,181,73,40.3,9,4,1,0,10,13,0,8,181,5,0,2,0,88,1,67
강원,태백시,태백시,태백시,36680,18580,18100,301.5,42,45,78,11.5,873,0.1,33.9,14.3,4497,22,7,31.8,2,1,1,0,1,1,0,1,22,0,0,1,0,10,0,7
강원,평창군,평창군,평창군,39849,20685,19164,1457.7,36,58,60,9.0,1107,0.0,38.8,12.9,3978,14,8,57.1,1,0,0,1,6,15,0,1,14,0,0,0,0,12,0,9
강원,홍천군,홍천군,홍천군,65817,33950,31867,1807.6,62,88,130,9.4,1062,0.0,37.3,15.2,7335,28,8,28.6,1,1,1,0,7,18,0,2,28,0,0,1,0,17,0,13
강원,화천군,화천군,화천군,22908,12332,10576,1045.6,23,34,60,10.0,996,0.0,30.7,23.7,2969,10,6,60.0,1,0,0,1,4,6,0,0,10,0,0,0,0,8,0,5
강원,횡성군,횡성군,횡성군,45465,23560,21905,989.3,36,53,58,7.9,1263,0.0,40.8,12.0,4307,13,5,38.5,1,1,1,0,8,8,0,1,13,0,0,0,0,9,0,12
경기,가평군,가평군,가평군,62046,31886,30160,836.7,73,94,119,11.8,850,0.1,35.0,16.8,7756,27,18,66.7,1,2,1,0,5,15,0,5,27,1,0,0,0,23,0,15
경기,고양덕양구,고양덕양구,고양덕양구,482470,236117,246353,161.9,611,612,1144,12.7,790,3.8,20.2,24.8,96117,307,127,41.4,15,10,1,0,0,0,0,8,307,3,0,2,2,142,4,133
경기,고양일산동구,고양일산동구,고양일산동구,298091,144289,153802,59.9,393,394,1496,13.2,759,6.6,18.8,25.4,60524,187,75,40.1,18,9,1,0,0,0,0,12,187,3,0,4,2,105,4,67
경기,고양일산서구,고양일산서구,고양일산서구,276028,133058,142970,43.1,390,391,826,14.1,708,9.1,19.5,23.2,52085,194,68,35.1,5,5,1,0,0,0,0,5,194,0,0,1,2,94,1,88
경기,과천시,과천시,과천시,81107,39502,41605,35.0,118,119,137,14.5,687,3.4,16.4,25.6,17239,63,17,27.0,5,0,1,0,0,0,0,0,63,0,0,0,1,29,0,25
경기,광명시,광명시,광명시,303641,148631,155010,38.6,487,488,1035,16.0,623,12.6,19.0,25.8,62145,247,97,39.3,12,6,1,0,0,0,0,3,247,0,0,2,0,134,2,93
경기,광주시,광주시,광주시,401246,204071,197175,426.4,349,364,600,8.7,1150,0.8,19.7,22.3,74235,168,76,45.2,7,3,1,0,3,11,0,5,168,0,0,1,1,95,2,74
경기,구리시,구리시,구리시,188134,93128,95006,32.9,350,351,750,18.6,538,10.6,20.0,25.4,37008,169,58,34.3,7,8,1,0,0,0,0,4,169,1,0,1,0,100,2,65
경기,군포시,군포시,군포시,249066,123350,125716,35.7,338,340,650,13.6,737,9.5,21.0,25.2,46712,149,66,44.3,5,4,1,0,1,0,0,3,149,1,0,2,2,102,0,75
경기,김포시,김포시,김포시,483679,241092,242587,279.2,541,555,1017,11.2,894,1.9,17.7,22.0,97792,246,130,52.8,12,13,1,0,6,7,0,6,246,3,0,2,0,159,11,101
경기,남양주시,남양주시,남양주시,727158,358974,368184,455.8,834,841,1385,11.5,872,1.8,19.8,21.8,137470,402,182,45.3,19,17,3,0,3,1,0,17,402,4,0,2,0,232,4,156
경기,동두천시,동두천시,동두천시,86168,42885,43283,95.4,92,93,185,10.7,937,1.0,28.6,19.1,12957,40,15,37.5,1,2,1,0,0,0,0,7,40,1,0,0,0,28,0,14
경기,부천소사구,부천소사구,부천소사구,223777,109324,114453,12.8,280,281,539,12.5,799,21.9,22.4,23.0,42333,136,62,45.6,7,6,1,0,0,0,0,3,136,1,0,1,1,72,2,58
경기,부천오정구,부천오정구,부천오정구,148518,74705,73813,20.0,190,191,301,12.8,782,9.5,23.4,24.2,25395,90,49,54.4,5,3,1,0,0,0,0,5,90,1,0,1,1,49,3,37
경기,부천원미구,부천원미구,부천원미구,381864,186939,194925,20.6,701,702,1802,18.4,545,34.1,20.4,25.8,76801,340,141,41.5,20,13,1,0,0,0,1,8,340,2,1,2,2,182,11,139
경기,성남분당구,성남분당구,성남분당구,466625,225769,240856,69.6,1080,1082,3295,23.1,432,15.5,17.3,25.4,100511,570,173,30.4,35,9,1,0,1,0,1,5,570,0,0,3,7,267,4,214
경기,성남수정구,성남수정구,성남수정구,234948,118665,116283,45.4,507,508,823,21.6,463,11.2,21.8,27.0,45928,254,97,38.2,9,6,1,0,0,0,0,6,254,1,0,2,1,141,2,94
경기,성남중원구,성남중원구,성남중원구,198233,99758,98475,26.2,327,328,442,16.5,606,12.5,22.8,26.7,38094,159,61,38.4,5,2,1,0,0,0,0,3,159,0,0,1,1,89,2,70
경기,수원권선구,수원권선구,수원권선구,360795,181791,179004,46.9,379,380,750,10.5,952,8.1,17.3,28.2,74758,172,76,44.2,7,7,1,0,0,0,0,4,172,1,0,2,0,111,3,79
경기,수원영통구,수원영통구,수원영통구,361883,180897,180986,27.4,540,541,1582,14.9,670,19.7,11.1,31.2,86489,268,112,41.8,11,11,1,0,0,0,1,4,268,0,0,0,1,145,2,108
경기,수원장안구,수원장안구,수원장안구,269717,135244,134473,33.1,357,358,581,13.2,756,10.8,19.0,26.9,52042,159,63,39.6,8,2,1,0,0,0,0,8,159,2,0,1,0,107,1,77
경기,수원팔달구,수원팔달구,수원팔달구,193282,96921,96361,12.9,522,523,1396,27.0,370,40.4,19.2,31.3,41377,273,105,38.5,25,14,1,0,0,0,1,4,273,1,0,2,2,120,5,100
경기,시흥시,시흥시,시흥시,515337,268168,247169,142.5,568,571,1010,11.0,907,4.0,14.7,25.2,100940,290,136,46.9,15,8,1,0,1,1,0,11,290,0,0,3,1,163,17,75
경기,안산단원구,안산단원구,안산단원구,288127,148043,140084,103.4,500,505,1380,17.4,576,4.8,17.3,27.2,54754,249,104,41.8,24,14,1,0,2,2,1,9,249,1,0,2,4,124,11,85
경기,안산상록구,안산상록구,안산상록구,320360,163534,156826,59.2,298,300,526,9.3,1075,5.0,18.4,26.1,58687,130,65,50.0,8,5,1,0,1,0,0,5,130,2,0,2,0,85,6,63
경기,안성시,안성시,안성시,199484,103236,96248,551.7,196,221,362,9.8,1018,0.4,22.9,22.9,33610,88,41,46.6,5,2,1,0,9,15,0,7,88,1,0,2,1,59,1,35
경기,안양동안구,안양동안구,안양동안구,327922,160307,167615,21.8,624,625,1319,19.0,526,28.7,17.1,26.7,69304,301,105,34.9,19,10,1,0,0,0,1,0,301,1,2,0,1,174,6,128
경기,안양만안구,안양만안구,안양만안구,234085,116499,117586,37.0,309,310,547,13.2,758,8.4,23.0,26.3,44175,141,55,39.0,7,1,1,0,0,0,0,6,141,0,0,2,0,95,2,62
경기,양주시,양주시,양주시,297605,149409,148196,308.7,246,252,484,8.3,1210,0.8,19.3,23.6,56353,124,60,48.4,5,5,1,0,2,3,0,10,124,1,0,0,1,64,2,39
경기,양평군,양평군,양평군,127137,64049,63088,875.2,122,149,200,9.6,1042,0.1,34.2,15.1,16325,47,27,57.4,3,2,1,0,8,18,0,7,47,0,0,0,0,32,2,32
경기,여주시,여주시,여주시,113348,57848,55500,604.5,121,142,210,10.7,937,0.2,29.7,18.2,16270,51,19,37.3,1,1,1,0,7,13,0,6,51,2,0,1,0,33,1,26
경기,연천군,연천군,연천군,43143,22687,20456,692.0,39,54,81,9.0,1106,0.1,34.5,20.1,5341,16,6,37.5,1,0,0,1,7,7,0,1,16,0,0,0,0,14,0,8
경기,오산시,오산시,오산시,255303,133324,121979,42.4,262,263,477,10.3,974,6.2,13.5,27.5,53015,116,52,44.8,6,8,1,0,0,0,0,5,116,1,0,1,1,82,2,46
경기,용인기흥구,용인기흥구,용인기흥구,434133,213684,220449,81.4,501,504,1167,11.5,867,6.2,17.7,24.2,86236,238,103,43.3,9,9,1,0,0,2,0,9,238,2,0,2,2,144,5,90
경기,용인수지구,용인수지구,용인수지구,368721,179371,189350,42.1,487,488,706,13.2,757,11.6,16.4,23.9,78252,238,90,37.8,7,8,1,0,0,0,0,3,238,0,0,0,1,134,2,101
경기,용인처인구,용인처인구,용인처인구,288583,147919,140664,466.0,279,292,485,9.7,1034,0.6,19.3,24.3,52817,124,58,46.8,8,7,1,0,5,7,0,4,124,1,0,2,1,92,2,46
경기,의왕시,의왕시,의왕시,166540,82104,84436,53.7,169,171,230,10.1,985,3.1,20.1,26.2,32479,74,33,44.6,3,2,1,0,1,0,0,4,74,2,1,0,1,52,0,33
경기,의정부시,의정부시,의정부시,461977,226540,235437,81.8,626,627,1509,13.6,738,7.7,21.1,24.4,88411,312,122,39.1,20,13,1,0,0,0,0,8,312,3,0,5,3,172,7,103
경기,이천시,이천시,이천시,227032,118656,108376,459.1,247,269,449,10.9,919,0.5,19.5,25.7,40964,119,54,45.4,9,4,1,0,6,15,0,5,119,1,0,1,1,63,1,52
경기,파주시,파주시,파주시,535692,269432,266260,682.8,524,539,889,9.8,1022,0.8,17.8,24.1,104708,242,105,43.4,15,15,2,0,6,7,0,16,242,1,0,2,3,148,5,92
경기,평택시,평택시,평택시,622663,327751,294912,453.0,685,707,1296,11.0,909,1.5,15.2,28.0,122453,330,158,47.9,22,12,2,0,9,11,0,9,330,0,1,4,1,201,7,120
경기,포천시,포천시,포천시,140397,74320,66077,822.9,142,159,290,10.1,989,0.2,29.7,19.7,18770,64,31,48.4,0,2,1,0,7,9,0,4,64,1,0,2,0,46,0,23
경기,하남시,하남시,하남시,327389,162287,165102,93.2,456,458,705,13.9,718,4.9,17.4,24.7,70163,241,103,42.7,17,9,1,0,1,0,0,6,241,0,0,0,0,107,3,90
경기,화성시,화성시,화성시,1000464,518113,482351,699.7,1008,1035,2023,10.1,993,1.4,12.2,27.4,217168,503,236,46.9,27,15,4,0,11,12,0,8,503,4,0,4,2,273,9,190
경남,거제시,거제시,거제시,228774,120356,108418,420.1,216,239,364,9.4,1059,0.5,17.9,17.3,37803,103,64,62.1,15,6,1,0,10,12,0,2,103,1,0,3,3,56,1,41
경남,거창군,거창군,거창군,58737,28930,29807,797.6,66,96,109,11.2,890,0.1,34.8,14.7,6989,28,20,71.4,4,3,1,0,11,18,0,3,28,0,0,0,0,18,0,14
경남,고성군,고성군,고성군,46712,23771,22941,522.4,43,69,77,9.2,1086,0.1,40.8,10.7,4298,19,14,73.7,2,2,1,0,13,12,0,2,19,1,0,0,0,11,0,8
경남,김해시,김해시,김해시,532854,269408,263446,459.4,585,595,1131,11.0,911,1.3,17.2,22.0,95807,263,145,55.1,10,20,2,0,7,1,0,26,263,5,0,4,6,143,5,113
경남,남해군,남해군,남해군,41073,20101,20972,372.4,41,66,61,10.0,1002,0.1,44.4,11.0,3594,20,16,80.0,5,1,1,0,9,15,0,1,20,0,0,0,0,10,0,9
경남,밀양시,밀양시,밀양시,98305,48828,49477,798.4,112,137,196,11.4,878,0.1,37.9,13.9,10864,47,28,59.6,5,7,1,0,9,15,0,5,47,1,0,0,0,24,1,27
경남,사천시,사천시,사천시,107796,54781,53015,404.4,124,143,231,11.5,869,0.3,28.1,17.8,15152,49,34,69.4,8,4,1,0,6,12,0,5,49,4,0,0,0,34,0,28
경남,산청군,산청군,산청군,32628,16301,16327,788.1,36,61,55,11.0,906,0.0,46.4,9.7,2523,16,14,87.5,5,0,0,1,9,15,0,1,16,0,0,0,0,6,0,13
경남,양산시,양산시,양산시,361044,180922,180122,485.6,421,429,1353,11.7,858,0.9,20.1,20.9,64603,198,113,57.1,15,12,2,0,4,2,1,12,198,5,0,2,4,95,5,87
경남,의령군,의령군,의령군,24518,12292,12226,480.1,25,47,43,10.2,981,0.1,46.0,10.6,2085,10,9,90.0,3,1,1,0,11,10,0,1,10,1,0,0,0,6,0,6
경남,진주시,진주시,진주시,334017,165038,168979,709.6,463,490,1181,13.9,721,0.7,23.1,22.7,58060,212,86,40.6,8,18,1,0,13,13,1,5,212,2,0,3,2,118,3,99
경남,창녕군,창녕군,창녕군,54173,27268,26905,525.4,63,96,109,11.6,860,0.1,41.5,11.1,4987,28,21,75.0,4,2,1,0,13,19,0,7,28,2,0,0,0,14,0,10
경남,창원마산합포구,창원마산합포구,창원마산합포구,174168,86111,88057,250.7,234,242,437,13.4,744,0.9,28.5,18.6,26983,97,44,45.4,6,10,1,0,4,3,0,11,97,2,0,3,0,61,1,49
경남,창원마산회원구,창원마산회원구,창원마산회원구,173677,86370,87307,90.9,254,256,725,14.6,684,2.8,26.2,19.0,26952,127,39,30.7,4,9,0,0,2,0,1,7,127,1,1,1,1,61,2,43
경남,창원성산구,창원성산구,창원성산구,244872,124890,119982,84.8,399,400,821,16.3,614,4.7,15.5,25.8,46038,181,69,38.1,17,10,1,0,0,0,0,2,181,0,0,2,4,110,5,85
경남,창원의창구,창원의창구,창원의창구,209833,106673,103160,207.6,259,264,660,12.3,810,1.2,20.9,22.4,35785,111,50,45.0,3,12,0,0,3,2,0,10,111,0,0,2,0,66,3,55
경남,창원진해구,창원진해구,창원진해구,182463,94103,88360,123.2,198,200,312,10.9,922,1.6,20.7,20.4,30936,92,29,31.5,2,8,1,0,1,0,0,4,92,1,0,1,3,50,0,39
경남,통영시,통영시,통영시,115975,58302,57673,261.0,140,162,226,12.1,828,0.5,28.7,14.8,15934,72,32,44.4,6,5,1,0,3,18,0,2,72,1,0,1,0,33,1,25
경남,하동군,하동군,하동군,39565,19906,19659,674.6,42,73,61,10.6,942,0.1,45.1,10.1,3141,19,15,78.9,4,0,1,0,12,18,0,2,19,1,0,0,0,11,0,9
경남,함안군,함안군,함안군,56655,29149,27506,414.0,55,71,96,9.7,1030,0.1,35.1,12.7,6270,22,12,54.5,3,2,1,0,6,9,0,2,22,1,0,0,0,16,0,12
경남,함양군,함양군,함양군,35074,17218,17856,718.0,44,66,63,12.5,797,0.1,42.5,11.0,3212,21,17,81.0,4,1,1,0,10,11,0,0,21,0,0,0,0,11,0,11
경남,합천군,합천군,합천군,38732,19225,19507,979.6,42,74,71,10.8,922,0.0,49.1,9.3,2923,16,10,62.5,2,1,1,0,16,15,0,2,16,1,0,0,0,10,0,12
경북,경산시,경산시,경산시,263020,132042,130978,409.6,331,350,567,12.6,795,0.8,22.9,24.0,45617,163,82,50.3,10,4,1,0,8,10,0,9,163,1,0,2,2,82,0,68
경북,경주시,경주시,경주시,242512,121510,121002,1317.6,278,307,540,11.5,872,0.2,30.0,17.6,33053,125,43,34.4,7,10,1,0,12,16,0,10,125,2,0,1,1,60,0,69
경북,고령군,고령군,고령군,29429,15242,14187,382.3,29,47,41,9.9,1015,0.1,41.7,11.8,2730,12,3,25.0,0,1,1,0,7,10,0,1,12,0,0,0,0,9,0,6
경북,구미시,구미시,구미시,402596,208387,194209,613.0,449,471,890,11.2,897,0.7,15.1,24.7,76258,226,101,44.7,14,5,2,0,8,12,0,10,226,2,0,3,5,106,4,88
경북,김천시,김천시,김천시,132433,66801,65632,1000.7,125,157,255,9.4,1059,0.1,30.2,17.3,18149,59,25,42.4,1,0,1,0,15,16,0,3,59,2,0,2,0,34,0,25
경북,문경시,문경시,문경시,64657,31838,32819,910.4,87,110,152,13.5,743,0.1,39.2,13.3,6991,40,14,35.0,3,1,1,0,9,13,0,2,40,0,0,1,0,24,0,19
경북,봉화군,봉화군,봉화군,28041,14358,13683,1196.0,18,35,38,6.4,1558,0.0,46.9,9.2,2050,8,6,75.0,4,1,1,0,9,7,0,1,8,0,0,0,0,4,0,4
경북,상주시,상주시,상주시,88920,44047,44873,1244.8,102,146,165,11.5,872,0.1,39.7,12.9,9185,46,22,47.8,0,1,1,0,18,25,0,2,46,2,0,2,0,23,0,26
경북,성주군,성주군,성주군,40293,21144,19149,612.0,41,62,63,10.2,983,0.1,42.9,11.2,3372,15,10,66.7,3,1,1,0,7,13,0,4,15,1,0,0,0,10,0,10
경북,안동시,안동시,안동시,151343,75058,76285,1520.3,186,226,455,12.3,814,0.1,30.9,19.0,22019,79,22,27.8,3,3,1,0,14,25,0,7,79,3,0,3,2,42,1,46
경북,영덕군,영덕군,영덕군,32511,15674,16837,743.7,38,60,58,11.7,856,0.1,46.1,10.2,2816,18,8,44.4,2,1,1,0,8,13,0,2,18,0,0,0,0,10,0,7
경북,영양군,영양군,영양군,15956,8061,7895,816.8,7,21,16,4.4,2279,0.0,44.3,11.4,1373,1,1,100.0,1,1,1,0,5,8,0,0,1,0,0,0,0,3,0,2
경북,영주시,영주시,영주시,96237,47888,48349,670.6,119,143,205,12.4,809,0.2,34.7,15.4,11581,51,17,33.3,3,4,1,0,10,13,0,4,51,2,0,1,0,30,1,26
경북,영천시,영천시,영천시,93605,47848,45757,911.3,123,148,212,13.1,761,0.1,37.2,14.3,10167,58,20,34.5,4,1,1,0,11,13,0,4,58,2,1,1,0,22,2,32
경북,예천군,예천군,예천군,53275,26393,26882,660.9,48,74,85,9.0,1110,0.1,35.5,14.9,6947,22,12,54.5,2,1,1,0,10,15,0,2,22,0,0,0,0,10,0,13
경북,울릉군,울릉군,울릉군,8747,4943,3804,75.2,2,8,18,2.3,4374,0.0,33.4,16.0,888,0,0,—,0,0,0,1,0,5,0,0,0,0,0,0,0,1,0,1
경북,울진군,울진군,울진군,46319,23797,22522,989.4,39,65,73,8.4,1188,0.0,34.6,16.5,5432,15,11,73.3,2,1,1,0,9,16,0,2,15,0,0,0,0,12,0,9
경북,의성군,의성군,의성군,47879,24107,23772,1163.1,43,82,77,9.0,1113,0.0,50.3,9.3,3441,18,6,33.3,1,2,1,0,17,21,0,5,18,1,0,0,0,9,0,8
경북,청도군,청도군,청도군,39988,20056,19932,687.5,51,70,80,12.8,784,0.1,47.8,9.3,3194,19,9,47.4,1,2,1,0,8,10,0,5,19,2,0,0,0,11,0,12
경북,청송군,청송군,청송군,24560,12480,12080,843.1,24,39,42,9.8,1023,0.0,44.8,11.9,2026,11,5,45.5,0,0,0,1,6,8,0,0,11,1,0,0,0,5,0,7
경북,칠곡군,칠곡군,칠곡군,103426,54519,48907,449.2,103,121,151,10.0,1004,0.2,23.2,17.0,15062,54,19,35.2,2,1,1,0,7,10,0,4,54,3,0,0,0,24,0,17
경북,포항남구,포항남구,포항남구,211051,109393,101658,392.5,258,276,665,12.2,818,0.7,26.1,19.1,30978,113,46,40.7,2,2,1,0,7,10,0,6,113,0,0,3,0,69,4,61
경북,포항북구,포항북구,포항북구,275879,137200,138679,733.4,377,397,667,13.7,732,0.5,24.2,20.4,44845,178,59,33.1,6,6,1,0,7,12,0,20,178,3,0,2,1,98,1,68
광주,광산구,광산구,광산구,382763,193367,189396,221.1,509,519,1147,13.3,752,2.3,13.8,25.5,77107,226,131,58.0,10,14,1,0,2,7,0,15,226,2,0,7,3,150,18,74
광주,남구,남구,남구,205051,97781,107270,60.1,351,354,795,17.1,584,5.8,23.4,21.1,37562,153,71,46.4,4,11,1,0,0,2,0,9,153,1,0,4,0,104,19,50
광주,동구,동구,동구,105328,51493,53835,48.1,238,239,1290,22.6,443,5.0,25.1,26.3,20405,120,45,37.5,9,7,1,0,0,0,2,9,120,3,0,1,1,57,7,31
광주,북구,북구,북구,416582,205840,210742,119.8,639,640,1301,15.3,652,5.3,21.0,24.4,78156,283,134,47.3,9,25,1,0,0,0,0,18,283,3,0,6,1,192,28,83
광주,서구,서구,서구,274234,134015,140219,47.4,578,580,1102,21.1,474,12.2,20.2,25.0,53208,282,102,36.2,24,22,1,0,0,1,0,7,282,1,0,5,6,149,16,90
대구,군위군,군위군,군위군,22493,11747,10746,608.7,17,35,30,7.6,1323,0.0,50.4,8.9,1508,8,2,25.0,1,0,1,0,7,10,0,0,8,0,0,0,0,3,0,6
대구,남구,남구,남구,141722,67390,74332,17.4,257,258,1055,18.1,551,14.8,28.5,24.7,25827,116,34,29.3,0,7,1,0,0,0,2,7,116,0,0,1,0,59,1,64
대구,달서구,달서구,달서구,512577,250575,262002,63.9,872,873,1985,17.0,588,13.7,21.9,22.9,90667,429,109,25.4,10,20,1,0,0,0,1,11,429,4,0,5,4,216,7,175
대구,달성군,달성군,달성군,251789,127525,124264,420.9,269,285,414,10.7,936,0.6,19.1,21.1,44868,126,66,52.4,4,5,1,0,7,8,0,8,126,2,0,0,0,67,0,61
대구,동구,동구,동구,338699,165263,173436,181.1,507,508,997,15.0,668,2.8,25.8,22.8,58942,258,115,44.6,4,6,1,0,0,0,0,7,258,3,0,2,0,109,5,117
대구,북구,북구,북구,406214,200738,205476,93.2,599,601,1184,14.7,678,6.4,21.3,23.9,72282,279,118,42.3,8,20,1,0,1,0,1,12,279,3,0,1,0,147,5,131
대구,서구,서구,서구,163319,80700,82619,17.1,270,271,486,16.5,605,15.7,30.1,20.7,24190,122,46,37.7,1,9,1,0,0,0,0,10,122,2,0,2,0,57,0,68
대구,수성구,수성구,수성구,407570,195514,212056,75.9,918,919,1386,22.5,444,12.1,21.1,20.6,73828,464,103,22.2,14,14,1,0,0,0,0,9,464,2,0,1,4,193,5,226
대구,중구,중구,중구,101894,48678,53216,7.0,479,480,1588,47.0,213,68.4,18.5,31.6,23925,286,99,34.6,23,11,1,0,0,0,1,1,286,0,0,2,4,104,2,68
대전,대덕구,대덕구,대덕구,163594,82960,80634,69.5,216,218,380,13.2,757,3.1,24.0,22.8,26338,103,49,47.6,6,4,1,0,0,1,0,3,103,1,0,2,1,54,0,48
대전,동구,동구,동구,217981,109731,108250,135.7,341,344,547,15.6,639,2.5,25.0,24.3,38088,165,68,41.2,6,4,1,0,1,1,0,14,165,1,0,1,1,70,2,83
대전,서구,서구,서구,464238,227315,236923,95.5,928,932,2239,20.0,500,9.7,18.3,27.8,98196,471,163,34.6,32,25,1,0,2,1,1,6,471,2,0,2,1,232,11,177
대전,유성구,유성구,유성구,373361,189210,184151,174.7,508,514,939,13.6,735,2.9,14.0,30.0,81108,237,86,36.3,11,12,1,0,2,3,0,9,237,1,0,1,3,122,2,121
대전,중구,중구,중구,223664,109197,114467,61.5,360,362,1304,16.1,621,5.9,25.4,22.7,39996,170,47,27.6,5,3,1,0,0,1,1,11,170,2,1,2,1,85,2,82
부산,강서구,강서구,강서구,154782,80008,74774,188.5,121,129,177,7.8,1279,0.6,15.6,22.6,31808,58,26,44.8,2,6,1,0,4,3,0,0,58,0,0,0,1,32,1,23
부산,금정구,금정구,금정구,205341,99640,105701,64.8,366,367,558,17.8,561,5.7,29.5,22.3,33463,159,74,46.5,11,11,1,0,0,0,0,15,159,3,0,0,0,94,2,82
부산,기장군,기장군,기장군,175482,86988,88494,219.6,202,209,392,11.5,869,0.9,21.6,19.7,31780,100,46,46.0,5,4,1,0,4,2,0,5,100,0,0,1,1,49,3,39
부산,남구,남구,남구,254960,123698,131262,26.4,409,410,657,16.0,623,15.5,25.9,23.1,45873,192,65,33.9,8,6,1,0,0,0,0,7,192,3,0,1,1,105,2,92
부산,동구,동구,동구,83115,40416,42699,9.5,157,158,457,18.9,529,16.6,32.0,22.0,13883,72,30,41.7,5,4,1,0,0,0,0,5,72,1,0,3,2,33,2,35
부산,동래구,동래구,동래구,270512,129981,140531,16.9,532,533,1024,19.7,508,31.4,24.4,20.8,49360,226,92,40.7,13,17,1,0,0,0,0,15,226,1,0,4,3,144,4,118
부산,부산진구,부산진구,부산진구,364184,173838,190346,29.3,870,871,2069,23.9,419,29.7,24.8,27.4,74998,486,174,35.8,39,18,1,0,0,0,1,12,486,0,0,3,5,181,5,159
부산,북구,북구,북구,260069,127325,132744,40.0,387,389,734,14.9,672,9.7,26.9,21.0,41857,183,71,38.8,9,9,1,0,1,0,0,13,183,1,0,2,3,93,1,82
부산,사상구,사상구,사상구,191912,95671,96241,36.5,247,248,570,12.9,777,6.8,28.0,22.3,31090,113,38,33.6,2,7,1,0,0,0,0,13,113,6,0,2,2,58,2,44
부산,사하구,사하구,사하구,281184,139185,141999,44.8,436,437,751,15.5,645,9.7,28.1,20.4,44534,207,86,41.5,8,19,1,0,0,0,0,20,207,2,0,0,1,103,4,80
부산,서구,서구,서구,100964,48251,52713,14.0,138,139,1368,13.7,732,9.9,32.1,20.2,16447,61,19,31.1,2,3,1,0,0,0,3,4,61,1,0,1,0,35,2,28
부산,수영구,수영구,수영구,169336,79296,90040,10.7,336,337,697,19.8,504,31.5,27.6,24.9,33113,148,54,36.5,4,6,1,0,0,0,0,9,148,0,1,3,2,86,1,80
부산,연제구,연제구,연제구,211603,100668,110935,12.0,400,401,680,18.9,529,33.4,25.0,23.4,40678,190,74,38.9,7,12,1,0,0,0,0,12,190,2,0,1,2,97,2,82
부산,영도구,영도구,영도구,100170,49135,51035,14.5,135,136,244,13.5,742,9.3,36.3,17.0,13292,72,24,33.3,7,2,1,0,0,0,0,5,72,0,0,2,0,26,0,28
부산,중구,중구,중구,36126,17508,18618,3.0,139,140,300,38.5,260,47.0,35.3,23.7,5974,70,22,31.4,5,2,1,0,0,0,0,3,70,0,0,1,0,37,1,25
부산,해운대구,해운대구,해운대구,369727,176710,193017,52.2,708,711,1488,19.1,522,13.6,24.5,20.3,65238,374,162,43.3,33,14,1,0,2,0,0,12,374,2,0,2,2,165,1,136
서울,강남구,강남구,강남구,552357,263451,288906,38.1,3142,3143,7573,56.9,176,82.5,17.8,25.3,128225,2161,805,37.3,230,32,1,0,0,0,2,7,2161,0,0,2,12,523,9,394
서울,강동구,강동구,강동구,498222,242526,255696,24.6,971,972,2391,19.5,513,39.5,20.4,26.2,108522,488,143,29.3,20,17,1,0,0,0,0,5,488,0,0,3,3,249,10,196
서울,강북구,강북구,강북구,277509,133228,144281,23.6,475,476,785,17.1,584,20.1,27.5,24.4,51444,241,114,47.3,9,8,1,0,0,0,0,4,241,0,0,2,1,122,2,95
서울,강서구,강서구,강서구,547821,261347,286474,41.3,986,987,1972,18.0,556,23.9,21.4,30.3,127453,495,206,41.6,31,20,1,0,0,0,0,4,495,1,0,4,4,246,8,204
서울,관악구,관악구,관악구,477297,239751,237546,29.9,720,721,1101,15.1,663,24.1,19.8,41.0,120834,359,143,39.8,17,11,1,0,0,0,0,2,359,0,0,1,1,204,4,138
서울,광진구,광진구,광진구,330791,158118,172673,17.6,602,603,1321,18.2,549,34.3,19.5,33.6,81567,314,115,36.6,15,4,1,0,0,0,1,2,314,1,0,1,2,154,2,121
서울,구로구,구로구,구로구,382302,186391,195911,20.0,623,625,1521,16.3,614,31.2,23.2,28.0,80376,309,137,44.3,16,10,1,0,1,0,1,7,309,1,0,1,1,172,2,119
서울,금천구,금천구,금천구,222368,111482,110886,12.5,374,375,594,16.8,595,29.9,23.2,31.9,46933,176,66,37.5,4,5,1,0,0,0,0,3,176,1,0,1,0,109,5,74
서울,노원구,노원구,노원구,480045,229266,250779,35.3,765,767,1661,15.9,628,21.7,22.4,25.3,95669,398,124,31.2,21,5,1,0,1,0,0,7,398,0,0,3,3,198,4,147
서울,도봉구,도봉구,도봉구,297820,143615,154205,20.6,384,385,681,12.9,776,18.6,27.2,23.2,53740,176,66,37.5,7,4,1,0,0,0,0,6,176,2,0,1,1,106,4,84
서울,동대문구,동대문구,동대문구,353448,172051,181397,14.5,643,644,1852,18.2,550,44.4,21.2,31.7,81325,297,113,38.0,10,12,1,0,0,0,1,5,297,3,1,3,4,167,2,148
서울,동작구,동작구,동작구,371324,179201,192123,16.4,614,615,1487,16.5,605,37.4,20.9,32.6,86306,296,121,40.9,11,5,1,0,0,0,1,1,296,0,0,1,2,173,2,133
서울,마포구,마포구,마포구,356008,165141,190867,23.8,797,798,1199,22.4,447,33.5,17.8,33.0,92586,442,183,41.4,45,6,1,0,0,0,0,3,442,0,0,0,3,194,3,146
서울,서대문구,서대문구,서대문구,299492,141003,158489,17.3,454,456,2150,15.2,660,26.2,21.3,30.0,68638,221,73,33.0,10,2,1,0,1,0,1,5,221,0,0,1,2,127,2,93
서울,서초구,서초구,서초구,416928,197836,219092,47.1,1599,1602,3843,38.4,261,34.0,17.9,25.1,94200,982,321,32.7,86,14,1,0,2,0,1,4,982,0,0,1,5,315,6,271
서울,성동구,성동구,성동구,274199,132196,142003,16.6,493,494,1069,18.0,556,29.6,20.0,31.1,63737,255,119,46.7,10,4,1,0,0,0,1,3,255,0,0,1,1,126,2,100
서울,성북구,성북구,성북구,421106,200771,220335,24.2,559,562,1363,13.3,753,23.1,21.3,28.2,91568,272,110,40.4,14,6,1,0,2,0,1,8,272,0,0,0,0,150,2,120
서울,송파구,송파구,송파구,649212,310414,338798,33.5,1337,1339,3692,20.6,486,39.9,19.1,27.9,149919,687,242,35.2,32,22,1,0,1,0,1,8,687,1,0,1,4,333,8,272
서울,양천구,양천구,양천구,420127,204281,215846,17.6,700,701,1531,16.7,600,39.7,20.7,22.8,83769,335,102,30.4,16,4,1,0,0,0,1,2,335,0,0,2,3,192,7,154
서울,영등포구,영등포구,영등포구,371420,180924,190496,24.1,859,860,1991,23.1,432,35.7,19.7,34.1,91498,440,168,38.2,16,9,1,0,0,0,0,9,440,1,0,7,0,233,4,156
서울,용산구,용산구,용산구,199459,94706,104753,22.1,334,335,841,16.7,597,15.1,20.2,31.2,47865,173,82,47.4,14,1,1,0,0,0,0,0,173,0,1,1,0,96,0,62
서울,은평구,은평구,은평구,452626,213742,238884,31.2,718,722,1373,15.9,630,23.0,23.3,26.8,95716,344,142,41.3,12,11,1,0,3,0,0,5,344,1,0,2,1,193,3,158
서울,종로구,종로구,종로구,135935,65042,70893,23.8,473,474,2993,34.8,287,19.9,23.1,29.2,29956,206,85,41.3,11,3,1,0,0,0,2,1,206,0,0,2,1,145,1,112
서울,중구,중구,중구,117305,56257,61048,10.0,617,618,1326,52.6,190,61.6,23.7,31.0,27178,322,142,44.1,29,3,1,0,0,0,0,0,322,0,1,1,5,186,0,99
서울,중랑구,중랑구,중랑구,376504,183550,192954,17.9,583,584,1108,15.5,646,32.6,24.3,27.5,76781,279,104,37.3,8,13,1,0,0,0,0,2,279,1,0,3,0,165,1,119
세종,세종시,세종시,세종시,390738,194589,196149,463.4,451,469,790,11.5,866,1.0,12.9,23.7,84671,234,96,41.0,8,3,1,0,10,7,0,4,234,1,0,2,1,101,5,100
울산,남구,남구,남구,304655,156022,148633,72.4,619,620,1161,20.3,492,8.5,18.9,25.0,54891,298,95,31.9,27,20,1,0,0,0,0,15,298,2,0,3,2,165,5,109
울산,동구,동구,동구,147440,77264,70176,37.0,173,174,589,11.7,852,4.7,21.1,20.6,24655,88,39,44.3,5,0,1,0,0,0,1,3,88,0,0,0,1,44,1,35
울산,북구,북구,북구,213391,111159,102232,157.0,188,191,332,8.8,1135,1.2,14.0,23.2,39212,81,43,53.1,3,4,1,0,0,2,0,6,81,0,0,2,1,56,1,37
울산,울주군,울주군,울주군,218342,113351,104991,753.9,193,210,289,8.8,1131,0.3,22.3,20.4,33613,79,52,65.8,4,6,1,0,7,9,0,8,79,4,0,1,0,48,0,47
울산,중구,중구,중구,202545,102325,100220,36.3,234,235,423,11.6,866,6.5,23.0,21.0,33010,108,42,38.9,4,3,1,0,0,0,0,5,108,0,0,2,0,69,0,47
인천,강화군,강화군,강화군,69541,34849,34692,456.3,60,87,118,8.6,1159,0.1,42.2,12.7,7187,20,5,25.0,0,1,1,0,13,13,0,2,20,1,0,1,0,16,0,19
인천,계양구,계양구,계양구,275966,137167,138799,45.2,378,380,788,13.7,730,8.4,21.6,24.3,49415,169,74,43.8,5,8,1,0,1,0,0,5,169,4,0,2,1,110,7,72
인천,남동구,남동구,남동구,478603,237205,241398,57.6,757,758,1730,15.8,632,13.1,21.6,23.7,88975,371,158,42.6,26,13,1,0,0,0,1,14,371,4,0,1,1,194,11,147
인천,동구,동구,동구,57875,28927,28948,7.2,86,87,170,14.9,673,12.0,29.3,20.5,9233,42,18,42.9,1,0,1,0,0,0,0,0,42,0,0,2,0,25,0,17
인천,미추홀구,미추홀구,미추홀구,419123,210834,208289,24.5,525,528,1040,12.5,798,21.4,22.2,25.5,79168,248,72,29.0,7,14,2,0,1,0,0,13,248,4,0,2,1,139,8,96
인천,부평구,부평구,부평구,487282,239078,248204,31.8,680,682,1453,14.0,717,21.4,21.4,25.8,95264,348,157,45.1,22,7,1,0,1,0,1,5,348,0,1,2,4,182,7,123
인천,서구,서구,서구,668150,335486,332664,132.0,691,693,1493,10.3,967,5.2,15.0,26.0,141416,343,153,44.6,16,11,2,0,0,0,0,11,343,3,0,5,2,185,11,120
인천,연수구,연수구,연수구,410369,202990,207379,71.8,519,521,888,12.6,791,7.2,14.8,24.6,86025,274,106,38.7,19,4,1,0,1,0,0,3,274,1,0,2,2,137,6,90
인천,옹진군,옹진군,옹진군,19275,11010,8265,198.6,8,27,47,4.2,2409,0.0,37.9,18.7,1740,3,1,33.3,0,1,0,0,8,11,0,0,3,0,0,0,0,3,0,1
인천,중구,중구,중구,180001,93104,86897,147.0,145,148,656,8.1,1241,1.0,16.9,28.7,38365,71,35,49.3,2,3,0,0,2,1,1,4,71,0,0,1,1,42,3,19
전남,강진군,강진군,강진군,31603,15577,16026,499.8,37,55,80,11.7,854,0.1,41.4,13.3,3232,19,13,68.4,5,0,1,0,10,7,0,1,19,0,1,1,0,8,0,7
전남,고흥군,고흥군,고흥군,59011,29315,29696,819.9,60,105,110,10.2,984,0.1,48.3,10.2,4717,31,20,64.5,5,3,1,0,15,29,0,1,31,0,0,1,0,14,0,10
전남,곡성군,곡성군,곡성군,27686,13829,13857,545.3,29,53,53,10.5,955,0.1,42.2,13.0,2736,13,8,61.5,1,1,0,1,8,15,0,1,13,0,0,0,0,9,0,5
전남,광양시,광양시,광양시,156052,81891,74161,466.9,136,159,227,8.7,1147,0.3,18.2,23.0,26047,59,34,57.6,5,3,1,0,8,14,0,4,59,0,0,2,0,43,1,24
전남,구례군,구례군,구례군,24627,12055,12572,437.7,27,47,42,11.0,912,0.1,41.6,11.8,2427,11,8,72.7,1,1,0,1,7,12,0,2,11,0,0,0,0,5,0,8
전남,나주시,나주시,나주시,116667,59091,57576,605.3,143,172,303,12.3,816,0.2,26.5,20.8,19425,66,43,65.2,6,1,1,0,13,15,0,7,66,4,0,2,0,36,3,24
전남,담양군,담양군,담양군,43880,22185,21695,450.2,56,79,98,12.8,784,0.1,38.7,14.0,4747,25,19,76.0,4,1,1,0,11,11,0,4,25,2,0,0,0,12,2,10
전남,목포시,목포시,목포시,198981,98948,100033,54.7,286,288,735,14.4,696,5.2,24.0,19.8,32784,131,63,48.1,13,16,1,0,1,0,0,11,131,0,0,5,2,67,9,45
전남,무안군,무안군,무안군,95537,48055,47482,461.4,97,117,158,10.2,985,0.2,21.9,21.3,17187,49,32,65.3,7,1,1,0,8,11,0,4,49,0,0,1,2,22,2,16
전남,보성군,보성군,보성군,38162,18811,19351,663.5,44,70,81,11.5,867,0.1,44.8,11.4,3484,20,9,45.0,3,2,1,0,10,15,0,3,20,1,0,0,0,9,0,9
전남,순천시,순천시,순천시,273399,136375,137024,908.0,333,365,786,12.2,821,0.4,21.6,22.4,47543,145,67,46.2,8,17,1,0,9,22,0,7,145,1,0,6,0,99,7,51
전남,신안군,신안군,신안군,42384,22795,19589,849.3,23,63,76,5.4,1843,0.0,39.1,12.6,3930,11,10,90.9,4,2,1,0,16,23,0,2,11,0,0,0,0,4,0,4
전남,여수시,여수시,여수시,259857,131941,127916,532.9,323,364,641,12.4,805,0.6,26.5,19.6,39276,156,72,46.2,19,8,1,0,12,28,0,10,156,0,0,3,2,86,4,54
전남,영광군,영광군,영광군,53719,26958,26761,494.7,71,93,136,13.2,757,0.1,33.1,17.7,7186,35,22,62.9,2,0,1,0,8,13,0,1,35,1,0,2,0,18,0,14
전남,영암군,영암군,영암군,49984,26424,23560,588.8,53,77,77,10.6,943,0.1,33.0,15.3,5683,24,20,83.3,5,2,1,0,10,13,0,1,24,0,0,0,0,13,0,13
전남,완도군,완도군,완도군,44071,22419,21652,453.3,43,74,89,9.8,1025,0.1,39.9,12.0,4432,21,17,81.0,6,1,0,1,12,18,0,0,21,0,0,0,0,14,0,7
전남,장성군,장성군,장성군,43079,22115,20964,516.0,40,62,73,9.3,1077,0.1,36.0,15.7,5077,16,9,56.2,1,2,1,0,10,11,0,2,16,0,0,0,0,11,0,9
전남,장흥군,장흥군,장흥군,33877,16763,17114,616.3,46,66,87,13.6,736,0.1,41.3,12.9,3397,24,12,50.0,3,2,1,0,8,11,0,1,24,0,0,1,0,9,0,9
전남,진도군,진도군,진도군,27773,14043,13730,458.8,30,52,55,10.8,926,0.1,40.5,12.9,2739,16,9,56.2,5,2,1,0,6,15,0,1,16,0,0,0,0,6,0,5
전남,함평군,함평군,함평군,29753,15225,14528,389.4,31,56,60,10.4,960,0.1,43.1,12.5,2752,13,11,84.6,4,2,1,0,8,16,0,1,13,0,0,0,1,7,0,7
전남,해남군,해남군,해남군,61883,31202,30681,1000.1,71,103,135,11.5,872,0.1,39.9,13.0,6344,40,25,62.5,5,1,1,0,13,18,0,1,40,1,0,2,0,17,0,9
전남,화순군,화순군,화순군,59860,29667,30193,784.3,81,107,400,13.5,739,0.1,33.4,16.9,7895,32,16,50.0,3,4,1,0,12,13,1,13,32,1,0,0,0,16,1,13
전북,고창군,고창군,고창군,50025,25170,24855,607.3,56,93,114,11.2,893,0.1,41.9,12.2,4829,27,8,29.6,2,1,1,0,13,23,0,5,27,0,0,1,0,12,0,10
전북,군산시,군산시,군산시,255517,129690,125827,382.9,337,367,628,13.2,758,0.9,25.3,19.3,40074,168,36,21.4,7,7,1,0,13,16,0,7,168,0,0,2,0,81,4,68
전북,김제시,김제시,김제시,81585,40946,40639,508.3,102,142,176,12.5,800,0.2,36.9,16.1,9840,51,25,49.0,4,3,1,0,14,25,0,3,51,5,0,0,0,19,1,20
전북,남원시,남원시,남원시,73604,36214,37390,746.2,99,140,177,13.5,743,0.1,35.6,14.5,8812,57,18,31.6,1,1,1,0,15,25,0,4,57,1,0,1,0,20,0,15
전북,무주군,무주군,무주군,23455,11842,11613,627.0,22,37,41,9.4,1066,0.0,40.1,13.1,2416,9,5,55.6,2,0,0,1,5,9,0,1,9,0,0,0,0,5,0,7
전북,부안군,부안군,부안군,46952,23551,23401,485.2,60,83,97,12.8,783,0.1,41.2,12.5,4688,24,5,20.8,1,2,1,0,11,11,0,2,24,0,0,1,0,16,1,14
전북,순창군,순창군,순창군,27654,13739,13915,496.9,32,60,49,11.6,864,0.1,39.3,13.4,3064,15,6,40.0,1,1,0,1,10,17,0,2,15,0,0,0,0,7,0,7
전북,완주군,완주군,완주군,100642,51729,48913,818.1,106,133,154,10.5,949,0.1,27.6,19.9,15446,54,30,55.6,5,2,1,0,12,14,0,3,54,3,0,0,0,20,0,24
전북,익산시,익산시,익산시,266639,132589,134050,506.6,371,411,963,13.9,719,0.7,26.5,20.8,42094,179,61,34.1,12,6,1,0,14,25,1,8,179,0,0,1,1,92,6,77
전북,임실군,임실군,임실군,25290,13136,12154,596.2,31,63,46,12.3,816,0.1,44.4,12.0,2234,14,7,50.0,0,0,0,1,11,20,0,1,14,1,0,0,0,7,0,8
전북,장수군,장수군,장수군,21184,10711,10473,528.8,16,33,29,7.6,1324,0.0,41.6,12.4,2068,7,4,57.1,2,0,0,1,5,11,0,0,7,0,0,0,0,5,0,4
전북,전주덕진구,전주덕진구,전주덕진구,306418,152102,154316,112.3,476,479,1394,15.5,644,4.2,18.9,24.3,59121,234,81,34.6,8,5,1,0,0,2,1,15,234,0,0,2,1,122,12,84
전북,전주완산구,전주완산구,전주완산구,312490,151342,161148,91.9,638,640,1336,20.4,490,6.9,22.4,23.6,57222,302,101,33.4,12,21,1,0,0,1,0,17,302,0,0,2,1,161,12,122
전북,정읍시,정읍시,정읍시,100580,50293,50287,693.0,149,191,247,14.8,675,0.2,34.2,15.8,12575,74,32,43.2,2,3,1,0,15,26,0,4,74,1,0,2,0,35,1,29
전북,진안군,진안군,진안군,24930,12742,12188,786.7,22,45,43,8.8,1133,0.0,42.6,12.2,2382,10,5,50.0,0,2,1,0,10,12,0,0,10,0,0,0,0,5,0,5
제주,서귀포시,서귀포시,서귀포시,178532,89897,88635,884.7,244,277,348,13.7,732,0.3,25.2,17.3,27647,126,55,43.7,8,3,3,0,5,25,0,0,126,0,0,1,0,59,0,55
제주,제주시,제주시,제주시,484149,241166,242983,997.9,743,775,1471,15.3,652,0.7,19.2,22.6,89850,382,125,32.7,19,5,3,0,6,23,0,10,382,2,1,5,1,190,1,146
충남,계룡시,계룡시,계룡시,45937,22823,23114,60.1,55,58,73,12.0,835,0.9,17.2,20.9,8409,23,15,65.2,1,1,1,0,2,0,0,1,23,0,1,0,0,15,0,14
충남,공주시,공주시,공주시,99481,49666,49815,859.8,139,169,246,14.0,716,0.2,34.3,18.0,13596,63,13,20.6,0,0,1,0,10,19,0,7,63,5,0,1,0,29,1,33
충남,금산군,금산군,금산군,48749,24814,23935,574.8,67,86,89,13.7,728,0.1,39.6,12.2,4888,35,15,42.9,5,1,1,0,9,9,0,2,35,0,0,0,0,11,0,18
충남,논산시,논산시,논산시,105655,53087,52568,550.0,164,204,290,15.5,644,0.3,34.7,16.1,13225,73,40,54.8,6,2,1,0,13,26,0,10,73,1,0,1,0,38,1,38
충남,당진시,당진시,당진시,172423,92794,79629,705.6,172,203,295,10.0,1002,0.2,23.5,19.7,26031,85,30,35.3,6,3,1,0,11,19,0,3,85,0,0,1,1,43,2,34
충남,보령시,보령시,보령시,91035,46168,44867,606.0,118,146,174,13.0,771,0.2,34.7,15.4,10985,58,27,46.6,1,2,1,0,10,17,0,2,58,1,0,1,0,26,0,28
충남,부여군,부여군,부여군,57591,28715,28876,622.1,66,103,97,11.5,873,0.1,44.7,11.8,5413,29,16,55.2,3,1,1,0,15,21,0,3,29,2,0,0,0,18,0,13
충남,서산시,서산시,서산시,170780,89436,81344,727.7,182,208,323,10.7,938,0.3,24.8,20.0,25362,85,24,28.2,4,1,1,0,10,15,0,1,85,0,0,2,0,55,1,37
충남,서천군,서천군,서천군,46589,23232,23357,369.1,60,88,91,12.9,776,0.2,45.2,11.5,4166,28,14,50.0,4,1,1,0,10,17,0,4,28,1,0,0,0,13,0,13
충남,아산시,아산시,아산시,365299,190549,174750,540.1,355,383,683,9.7,1029,0.7,16.3,24.8,71102,168,72,42.9,11,9,1,0,11,16,0,6,168,2,0,1,3,99,3,64
충남,예산군,예산군,예산군,78133,39314,38819,539.5,82,111,116,10.5,953,0.2,37.7,15.0,9105,39,13,33.3,4,2,1,0,12,16,0,0,39,0,0,1,0,22,0,18
충남,천안동남구,천안동남구,천안동남구,263872,133707,130165,435.6,305,325,1320,11.6,865,0.7,20.2,24.9,48992,140,73,52.1,14,4,1,0,8,11,1,10,140,1,0,2,3,77,0,67
충남,천안서북구,천안서북구,천안서북구,402712,208228,194484,196.9,520,532,972,12.9,774,2.6,13.2,29.1,86473,241,125,51.9,19,19,1,0,4,7,0,7,241,2,0,1,6,129,10,105
충남,청양군,청양군,청양군,30010,15456,14554,478.3,26,49,55,8.7,1154,0.1,43.4,13.1,2711,9,4,44.4,0,0,0,1,9,13,0,2,9,0,0,0,0,7,0,8
충남,태안군,태안군,태안군,58858,29860,28998,572.9,56,79,89,9.5,1051,0.1,41.0,12.8,5871,27,13,48.1,5,0,0,1,6,16,0,1,27,0,0,0,1,14,1,12
충남,홍성군,홍성군,홍성군,101814,50985,50829,450.7,114,139,212,11.2,893,0.3,28.9,18.6,15199,51,23,45.1,6,0,1,0,10,14,0,3,51,2,0,1,0,30,1,26
충북,괴산군,괴산군,괴산군,37174,19291,17883,837.5,23,53,59,6.2,1616,0.0,44.3,11.1,3109,8,4,50.0,0,2,1,0,12,17,0,1,8,1,0,0,0,6,0,5
충북,단양군,단양군,단양군,26481,13558,12923,776.8,19,42,34,7.2,1394,0.0,42.7,11.4,2348,7,5,71.4,0,0,0,1,7,15,0,1,7,0,0,0,0,7,0,4
충북,보은군,보은군,보은군,31549,16078,15471,581.6,33,56,54,10.5,956,0.1,43.4,12.0,2881,13,6,46.2,2,1,1,0,8,14,0,3,13,1,0,0,0,7,0,8
충북,영동군,영동군,영동군,43089,21792,21297,849.3,53,81,86,12.3,813,0.1,41.5,12.7,4182,26,6,23.1,1,1,1,0,10,17,0,2,26,1,0,0,0,10,0,13
충북,옥천군,옥천군,옥천군,50730,25813,24917,539.0,59,84,86,11.6,860,0.1,37.6,14.4,5753,28,17,60.7,1,0,1,0,8,16,0,3,28,1,0,1,0,14,0,12
충북,음성군,음성군,음성군,96114,51412,44702,518.0,101,129,178,10.5,952,0.2,27.7,19.0,13157,45,22,48.9,4,2,1,0,8,19,0,2,45,2,0,1,0,28,0,21
충북,제천시,제천시,제천시,127898,64565,63333,877.0,174,194,305,13.6,735,0.2,30.2,18.7,17762,81,31,38.3,8,1,1,0,8,11,0,5,81,1,0,2,0,45,1,38
충북,증평군,증평군,증평군,36777,19190,17587,81.3,46,49,57,12.5,800,0.6,24.0,21.7,5756,21,3,14.3,1,1,1,0,1,1,0,1,21,0,0,0,0,12,0,11
충북,진천군,진천군,진천군,85649,45340,40309,405.5,89,103,137,10.4,962,0.2,21.8,20.9,13850,42,23,54.8,1,1,1,0,6,7,0,1,42,1,0,1,0,25,0,18
충북,청주상당구,청주상당구,청주상당구,192578,95607,96971,401.2,271,288,565,14.1,711,0.7,21.3,22.2,34178,134,46,34.3,6,4,2,0,4,11,0,1,134,2,0,2,0,68,3,57
충북,청주서원구,청주서원구,청주서원구,187612,93500,94112,122.9,233,238,697,12.4,805,1.9,21.4,25.3,34009,112,47,42.0,10,6,1,0,2,2,1,6,112,1,0,1,1,52,1,52
충북,청주청원구,청주청원구,청주청원구,185725,95858,89867,214.7,210,221,399,11.3,884,1.0,18.2,26.0,35472,98,36,36.7,5,8,1,0,3,7,0,1,98,0,1,1,0,55,3,43
충북,청주흥덕구,청주흥덕구,청주흥덕구,294300,150323,143977,196.5,390,399,723,13.3,755,2.0,14.9,29.6,61692,194,73,37.6,17,9,0,0,4,5,0,1,194,0,0,2,2,101,3,78
충북,충주시,충주시,충주시,205691,104390,101301,977.8,246,276,479,12.0,836,0.3,26.9,20.4,31074,125,52,41.6,10,3,1,0,13,16,0,7,125,1,0,2,1,54,2,51
