시도,시군구,지도_병원계,지도_CNP차앤박피부과,지도_CU클린업 피부과,지도_가정의학과,지도_국립병원,지도_내과,"지도_노인,요양병원",지도_대학병원,지도_보훈병원,지도_비뇨기과,지도_산부인과,지도_성장클리닉,지도_성형외과,지도_소아청소년과,지도_시도립병원,지도_신경과,지도_신경외과,지도_안과,지도_영상의학과,지도_외과,지도_이비인후과,지도_이지함피부과,지도_일반의원,지도_재활의학과,지도_정신건강의학과,지도_정형외과,지도_종합병원,지도_진단검사의학과,지도_치과,지도_통증클리닉,지도_피부과,지도_한방병원,지도_한의원,지도_항문외과,지도_흉부외과
강원,강릉시,250,0,0,5,0,20,3,0,0,5,8,0,5,11,0,4,0,6,0,6,8,0,12,1,4,11,4,0,64,7,9,1,56,0,0
강원,고성군,18,0,0,0,0,1,0,0,0,0,0,0,0,0,0,0,0,0,0,0,0,0,5,0,0,0,0,0,6,0,0,0,6,0,0
강원,동해시,102,0,0,2,0,10,5,0,0,1,2,0,1,3,0,2,1,2,0,2,4,0,10,0,0,4,1,0,29,3,1,0,19,0,0
강원,삼척시,46,0,0,0,0,3,1,0,0,2,1,0,0,2,0,0,0,1,0,2,0,0,8,0,1,3,1,0,9,1,0,0,11,0,0
강원,속초시,123,0,0,2,0,15,2,0,0,4,6,0,1,4,0,0,1,4,1,3,3,0,9,1,0,6,1,0,31,5,4,0,20,0,0
강원,양구군,10,0,0,1,0,0,0,0,0,0,0,0,0,1,0,0,0,0,0,1,0,0,0,0,0,0,0,0,4,0,0,0,3,0,0
강원,양양군,15,0,0,0,0,1,1,0,0,0,0,0,0,0,0,0,0,0,0,0,0,0,4,0,0,1,0,0,4,0,0,0,4,0,0
강원,영월군,23,0,0,0,0,2,2,0,0,0,0,0,0,0,0,0,0,1,0,0,0,0,6,0,0,1,1,0,6,0,0,0,4,0,0
강원,원주시,465,0,0,5,0,45,6,0,0,9,12,0,8,22,0,1,5,10,3,8,17,0,40,6,11,19,2,0,106,4,17,4,103,1,1
강원,인제군,20,0,0,0,0,0,2,0,0,0,0,0,0,0,0,0,0,0,0,0,0,0,4,0,0,0,0,0,8,0,0,0,6,0,0
강원,정선군,16,0,0,1,0,0,0,0,0,0,0,0,0,0,0,0,0,0,0,1,0,0,5,0,0,0,0,0,5,0,0,0,4,0,0
강원,철원군,33,0,0,1,0,2,0,0,0,0,0,0,0,0,0,0,0,1,0,1,1,0,8,0,0,1,0,0,8,1,0,0,9,0,0
강원,춘천시,346,0,0,6,0,29,10,2,0,5,9,0,5,12,0,2,3,11,0,2,8,0,28,9,10,22,0,0,86,6,17,1,62,0,1
강원,태백시,39,0,0,0,0,2,1,0,0,1,1,0,0,2,0,0,1,1,1,1,1,0,9,0,1,1,1,0,9,0,0,0,6,0,0
강원,평창군,28,0,0,0,0,1,1,0,0,0,0,0,0,0,0,0,0,0,0,0,0,0,12,0,0,0,0,0,8,0,0,0,6,0,0
강원,홍천군,52,0,0,1,0,3,1,0,0,2,1,0,0,1,0,0,1,2,1,1,2,0,5,0,1,2,1,0,13,3,0,0,11,0,0
강원,화천군,15,0,0,0,0,1,0,0,0,0,0,0,0,0,0,0,0,0,0,1,0,0,5,0,0,1,0,0,5,0,0,0,2,0,0
강원,횡성군,22,0,0,0,0,2,1,0,0,0,0,0,0,0,0,0,1,1,0,0,0,0,1,0,0,1,0,0,4,0,0,0,11,0,0
경기,가평군,64,0,0,1,0,3,6,0,0,0,0,0,0,0,0,1,0,1,0,1,0,0,14,0,1,4,0,0,20,1,0,0,11,0,0
경기,고양덕양구,584,0,0,10,0,49,9,0,0,7,17,0,3,30,0,2,5,13,2,3,29,0,40,7,14,37,2,0,140,7,28,3,125,2,0
경기,고양일산동구,396,0,0,12,1,25,16,1,0,5,10,0,7,12,0,0,4,6,3,9,12,0,20,2,12,18,3,0,108,7,32,4,66,1,0
경기,고양일산서구,383,1,1,7,0,34,5,0,0,7,7,0,4,13,0,0,2,9,0,4,17,1,23,1,15,30,1,0,95,4,9,1,90,2,0
경기,과천시,117,0,0,1,0,13,0,0,0,1,3,0,0,4,0,0,2,4,0,0,7,0,5,1,4,7,0,0,29,1,8,0,26,1,0
경기,광명시,469,0,0,5,0,47,3,0,0,7,11,0,4,17,0,2,4,16,0,3,21,0,20,2,15,36,2,0,129,7,26,2,88,2,0
경기,광주시,334,0,0,11,0,27,4,0,0,5,7,0,0,18,0,1,4,5,1,1,10,0,29,5,5,16,2,0,91,9,10,2,70,1,0
경기,구리시,337,0,0,3,0,27,4,0,0,10,7,0,4,11,0,1,4,7,3,6,14,0,12,2,8,21,1,0,98,7,16,2,67,1,1
경기,군포시,333,0,0,8,0,29,6,0,0,5,5,0,2,12,0,2,2,7,1,3,16,0,13,2,6,18,3,0,102,4,12,0,73,2,0
경기,김포시,537,0,0,9,0,37,6,0,0,7,13,0,1,29,0,0,6,13,2,5,26,0,24,2,11,42,2,0,158,5,20,11,107,1,0
경기,남양주시,812,0,0,9,0,75,18,0,0,9,23,0,2,40,0,2,3,22,1,3,40,0,57,7,20,41,2,0,226,14,37,5,156,0,0
경기,동두천시,94,0,0,1,0,9,7,0,0,2,3,0,1,3,0,0,1,3,0,0,4,0,6,0,3,5,0,0,28,2,1,0,15,0,0
경기,부천소사구,284,0,0,2,0,24,4,0,0,7,7,1,3,10,0,3,4,8,0,1,10,0,26,4,4,19,0,1,72,5,6,2,61,0,0
경기,부천오정구,186,0,0,8,0,19,6,0,0,0,3,0,0,10,0,0,2,5,0,1,8,0,14,1,1,11,1,0,53,2,2,3,36,0,0
경기,부천원미구,716,1,0,11,0,52,10,2,0,14,17,0,24,17,0,1,4,17,3,15,27,0,35,6,22,43,1,0,187,11,37,11,143,3,2
경기,성남분당구,1077,2,0,23,0,62,6,2,0,21,28,0,21,31,0,5,8,21,3,9,52,1,45,16,50,53,2,1,274,12,97,5,222,2,3
경기,성남수정구,508,0,0,6,0,33,7,0,0,11,13,0,5,22,1,3,3,10,0,6,24,0,30,5,14,26,1,0,140,11,36,2,96,3,0
경기,성남중원구,327,0,0,10,0,20,3,0,0,5,7,0,3,14,0,1,5,7,0,1,15,0,30,5,8,17,1,0,88,4,11,3,68,1,0
경기,수원권선구,366,0,0,11,0,35,5,0,0,3,8,0,2,19,0,0,3,8,0,5,18,0,24,5,3,19,2,0,105,4,8,3,76,0,0
경기,수원영통구,527,0,0,10,0,37,4,1,0,11,13,0,11,22,0,2,2,11,2,3,25,0,25,4,20,25,0,0,141,12,35,2,108,1,0
경기,수원장안구,342,0,0,6,0,30,8,0,0,4,5,0,1,11,0,1,2,7,1,4,14,0,26,3,5,22,1,0,101,4,9,1,75,1,0
경기,수원팔달구,511,1,0,6,0,33,4,1,0,13,15,0,18,11,0,4,4,13,2,6,15,0,37,2,21,25,3,0,114,8,42,5,102,5,1
경기,시흥시,565,0,0,7,0,45,11,1,0,10,14,0,1,34,0,0,6,13,0,5,28,0,35,8,8,42,3,0,162,4,29,18,79,2,0
경기,안산단원구,496,1,0,5,0,38,11,1,0,12,16,0,14,17,0,4,2,12,3,8,15,0,33,1,13,30,3,0,124,7,30,11,83,2,0
경기,안산상록구,280,0,0,7,0,22,5,0,0,0,6,0,2,11,0,0,2,6,0,3,11,0,35,4,4,11,2,0,77,2,4,7,59,0,0
경기,안성시,191,0,0,3,0,8,8,0,0,4,3,0,0,9,1,0,4,4,0,2,8,0,24,3,2,6,1,0,59,3,4,1,34,0,0
경기,안양동안구,617,0,0,10,0,44,0,1,0,14,17,0,9,21,0,1,5,14,1,6,24,0,24,9,22,33,0,0,169,16,37,6,130,2,2
경기,안양만안구,310,0,0,3,0,26,5,0,0,3,6,0,6,8,0,1,4,4,1,2,10,0,26,3,7,16,3,0,91,10,9,2,64,0,0
경기,양주시,230,0,0,2,0,22,13,0,0,2,5,0,0,13,0,1,1,4,0,0,10,0,14,2,4,20,0,0,63,4,10,1,38,1,0
경기,양평군,117,0,0,1,1,4,8,0,0,2,1,0,0,3,0,0,1,4,0,3,2,0,13,1,1,3,0,0,29,3,3,2,32,0,0
경기,여주시,110,0,0,0,0,4,8,0,0,2,2,0,0,3,0,0,2,2,0,2,3,0,17,1,2,3,1,0,32,0,1,1,24,0,0
경기,연천군,31,0,0,0,0,1,1,0,0,1,0,0,0,0,0,0,1,1,0,0,1,0,6,0,1,2,0,0,11,0,0,0,5,0,0
경기,오산시,258,0,0,7,0,19,4,0,0,2,4,0,2,9,0,1,1,7,0,3,13,0,24,1,3,13,2,0,82,3,9,2,47,0,0
경기,용인기흥구,499,0,0,8,0,47,11,1,0,4,10,0,2,28,0,1,4,10,0,2,22,0,29,2,13,29,1,0,145,4,27,6,92,1,0
경기,용인수지구,500,0,0,10,0,48,3,0,0,3,11,1,4,24,0,3,6,13,2,3,26,0,17,5,11,27,0,2,139,4,28,2,106,2,0
경기,용인처인구,270,0,0,7,0,23,8,0,0,4,4,0,1,8,0,3,2,6,0,1,12,0,29,0,5,10,2,0,86,4,6,1,47,1,0
경기,의왕시,164,0,0,5,0,12,3,0,0,2,1,0,0,9,0,0,2,4,0,0,12,0,10,1,2,8,0,0,54,2,3,0,33,1,0
경기,의정부시,609,1,0,12,0,53,11,2,0,15,12,0,6,19,1,2,10,13,1,9,26,0,43,6,11,42,2,1,170,9,26,7,96,3,0
경기,이천시,227,0,0,3,0,21,6,0,0,4,6,0,3,6,1,2,3,5,0,4,7,0,20,0,4,14,0,0,55,3,8,1,51,0,0
경기,파주시,498,0,0,7,0,35,19,0,0,6,8,0,5,25,0,2,4,12,0,7,22,0,35,3,11,29,2,0,143,5,21,6,88,2,1
경기,평택시,662,1,0,16,0,45,9,1,0,10,16,0,6,24,0,1,4,17,0,9,23,0,65,6,9,29,5,0,195,9,35,7,118,1,1
경기,포천시,127,0,0,1,0,12,5,0,0,1,3,0,1,5,0,0,2,4,0,2,3,0,16,0,1,6,2,0,40,0,2,0,21,0,0
경기,하남시,448,0,1,5,0,38,6,0,0,4,12,0,3,22,0,4,4,12,0,6,22,0,31,5,12,24,1,0,106,8,30,4,88,0,0
경기,화성시,976,0,0,13,0,75,8,3,0,13,26,0,7,46,0,2,11,25,0,9,49,0,66,3,24,57,3,0,255,10,68,9,189,4,1
경남,거제시,190,0,0,1,0,14,1,0,0,1,5,0,3,5,0,0,2,4,0,0,6,0,30,1,3,8,3,0,51,4,8,1,38,1,0
경남,거창군,54,0,0,0,0,3,3,0,0,1,0,0,0,1,0,0,1,1,0,3,2,0,7,0,1,3,0,0,15,1,0,0,12,0,0
경남,고성군,38,0,0,1,0,3,2,0,0,1,0,0,0,0,0,0,1,2,0,0,1,0,6,0,0,0,0,0,9,2,0,0,10,0,0
경남,김해시,482,0,0,7,0,41,17,0,0,8,11,0,4,24,0,0,6,11,0,3,18,0,32,3,6,23,4,0,122,8,21,6,105,2,0
경남,남해군,37,0,0,1,0,1,1,0,0,0,1,0,0,0,0,0,1,1,0,1,0,0,10,0,0,1,0,0,9,0,1,0,9,0,0
경남,밀양시,76,0,0,2,0,6,4,0,0,2,2,0,0,0,0,0,1,2,0,0,3,0,10,0,2,1,0,0,15,1,0,1,24,0,0
경남,사천시,109,0,0,2,0,7,4,0,0,1,2,0,0,3,0,1,0,3,0,1,3,0,15,1,3,3,0,0,28,2,2,0,28,0,0
경남,산청군,27,0,0,2,0,0,1,0,0,0,0,0,0,0,0,0,0,1,0,0,0,0,9,0,0,0,0,0,4,0,0,0,10,0,0
경남,양산시,376,0,0,5,0,34,15,2,0,5,9,0,1,20,0,0,2,9,0,5,17,0,30,2,9,14,2,1,91,12,13,5,73,0,0
경남,의령군,22,0,0,0,0,1,1,0,0,0,0,0,0,0,0,0,0,0,0,0,1,0,6,0,1,1,0,0,6,0,0,0,5,0,0
경남,진주시,423,0,0,8,0,37,6,1,0,8,11,0,9,23,0,2,3,10,1,3,15,0,32,6,10,18,3,0,98,16,13,3,85,1,1
경남,창녕군,55,0,0,0,0,4,4,0,0,1,1,0,0,0,0,0,1,2,0,1,1,0,13,0,2,1,0,0,11,3,1,0,9,0,0
경남,창원마산합포구,199,0,0,2,1,19,12,0,0,3,5,0,1,2,1,1,4,4,0,7,6,0,11,1,6,7,2,0,46,6,5,1,45,0,1
경남,창원마산회원구,233,0,0,1,0,27,9,1,0,5,8,0,2,5,0,1,1,6,2,3,7,0,19,4,6,11,1,0,58,5,9,2,39,1,0
경남,창원성산구,377,0,0,4,0,23,3,1,0,9,8,1,14,8,0,1,1,10,0,6,11,0,32,4,8,7,1,1,108,6,23,5,81,0,1
경남,창원의창구,230,0,0,3,0,27,12,0,0,5,8,0,1,8,0,3,6,4,0,1,7,0,17,1,2,6,2,0,52,5,6,3,50,1,0
경남,창원진해구,176,0,0,1,0,20,4,0,0,5,2,0,0,8,0,2,1,5,1,2,10,0,11,1,2,7,1,0,44,2,9,0,38,0,0
경남,통영시,110,0,0,0,0,12,2,0,0,2,2,0,2,4,0,2,3,4,1,2,3,0,16,0,2,5,1,0,28,1,5,1,12,0,0
경남,하동군,35,0,0,1,0,1,4,0,0,0,1,0,0,0,0,0,0,1,0,1,0,0,11,0,0,0,0,0,7,0,0,0,8,0,0
경남,함안군,47,0,0,1,0,4,2,0,0,0,1,0,0,0,0,0,0,1,0,0,0,0,11,0,1,0,0,0,13,1,0,0,12,0,0
경남,함양군,35,0,0,3,0,0,0,0,0,0,0,0,0,1,0,1,0,1,0,0,0,0,6,0,1,1,0,0,9,2,0,0,10,0,0
경남,합천군,37,0,0,0,0,4,4,0,0,0,0,0,0,0,0,0,0,1,0,0,1,0,8,0,0,2,0,0,10,0,0,0,7,0,0
경북,경산시,312,0,0,0,0,32,9,0,0,4,11,0,2,14,0,4,7,6,1,4,16,0,26,3,4,17,2,0,76,4,7,0,63,0,0
경북,경주시,258,0,0,2,0,24,10,2,0,2,5,0,1,5,0,0,2,7,0,3,7,0,34,1,7,6,0,0,62,5,12,0,61,0,0
경북,고령군,29,0,0,0,0,3,1,0,0,0,0,0,0,0,0,0,0,1,0,1,0,0,4,0,0,3,0,0,9,0,0,0,7,0,0
경북,구미시,434,0,0,9,0,35,8,0,0,9,16,0,7,23,0,7,6,8,2,2,18,0,35,3,7,22,4,0,104,8,15,6,76,3,1
경북,김천시,122,0,0,2,0,10,5,0,0,4,4,0,2,4,0,1,0,3,0,1,3,0,11,2,4,5,2,0,30,4,1,0,24,0,0
경북,문경시,81,0,0,2,0,6,4,0,0,2,3,0,0,2,0,0,1,2,0,0,2,0,11,0,1,3,1,0,19,2,2,0,18,0,0
경북,봉화군,16,0,0,1,0,0,1,0,0,0,0,0,0,0,0,0,0,1,0,0,0,0,5,0,0,0,0,0,4,0,0,0,4,0,0
경북,상주시,100,0,0,1,0,8,3,0,0,2,3,0,0,3,0,0,3,3,0,1,2,0,12,1,3,3,2,0,22,2,2,0,24,0,0
경북,성주군,37,0,0,0,0,3,4,0,0,0,0,0,0,0,0,0,0,1,0,1,0,0,7,0,0,2,0,0,10,0,0,0,9,0,0
경북,안동시,177,0,0,6,0,13,6,0,0,3,6,0,2,4,0,1,1,5,0,5,4,0,8,2,2,6,3,0,41,8,4,1,46,0,0
경북,영덕군,34,0,0,2,0,1,2,0,0,1,0,0,0,0,0,0,0,1,0,3,1,0,6,0,0,0,0,0,10,1,0,0,6,0,0
경북,영양군,4,0,0,0,0,0,0,0,0,0,0,0,0,0,0,0,0,0,0,0,0,0,1,0,0,0,0,0,1,0,0,0,2,0,0
경북,영주시,108,0,0,0,0,10,5,0,0,3,3,0,0,1,0,0,1,4,1,1,4,0,12,1,2,4,1,0,28,2,2,1,22,0,0
경북,영천시,96,0,0,0,0,9,4,0,0,1,1,0,0,2,0,1,1,3,0,1,3,0,12,1,2,5,1,0,13,1,2,1,32,0,0
경북,예천군,41,0,0,0,0,4,2,0,0,0,0,0,1,1,0,0,0,0,0,0,1,0,9,0,0,4,0,0,6,1,0,0,12,0,0
경북,울릉군,1,0,0,0,0,0,0,0,0,0,0,0,0,0,0,0,0,0,0,0,0,0,0,0,0,0,0,0,0,0,0,0,1,0,0
경북,울진군,35,0,0,2,0,2,2,0,0,0,0,0,0,0,0,0,0,1,0,1,0,0,6,0,0,0,0,0,10,2,0,0,9,0,0
경북,의성군,37,0,0,0,0,2,5,0,0,0,0,0,0,0,0,0,0,1,0,2,0,0,8,0,0,2,0,0,8,2,0,0,7,0,0
경북,청도군,49,0,0,1,0,3,7,0,0,1,0,0,0,0,0,0,0,1,0,0,1,0,11,0,0,2,0,0,11,0,0,0,11,0,0
경북,청송군,18,0,0,0,0,0,1,0,0,0,0,0,0,0,0,0,0,1,0,1,0,0,5,0,0,0,0,0,3,0,0,0,7,0,0
경북,칠곡군,94,0,0,2,0,6,4,0,0,1,2,0,0,6,0,1,2,3,0,1,4,0,12,0,1,6,0,0,22,4,1,0,16,0,0
경북,포항남구,237,0,0,2,0,17,6,0,0,2,4,0,0,7,0,1,1,6,0,7,6,0,26,3,2,11,2,0,59,3,7,4,59,1,1
경북,포항북구,347,0,0,5,0,25,19,0,0,8,6,0,9,7,1,2,3,7,1,4,12,0,38,1,9,15,1,0,86,6,17,1,63,0,1
광주,광산구,419,0,0,14,0,35,11,0,4,6,15,0,3,9,0,4,2,9,0,4,18,0,26,6,7,12,6,0,120,2,24,17,64,1,0
광주,남구,290,0,0,10,0,32,3,1,0,7,7,0,1,8,0,4,6,3,1,2,14,0,17,5,7,9,3,0,74,8,10,17,41,0,0
광주,동구,221,0,0,8,0,18,5,1,0,6,6,0,8,8,0,5,5,6,2,6,11,0,10,1,6,5,1,0,48,5,12,8,28,1,1
광주,북구,507,0,0,17,0,48,11,0,0,7,12,0,1,9,0,6,5,8,0,7,20,0,36,11,9,21,6,0,147,15,21,19,69,2,0
광주,서구,479,1,0,11,0,33,3,0,0,12,12,0,34,8,0,3,4,13,2,7,16,0,21,3,15,14,5,1,127,7,41,12,73,0,1
대구,군위군,16,0,0,0,0,1,0,0,0,0,0,0,0,0,0,0,0,0,0,1,0,0,5,0,0,0,0,0,3,1,0,0,5,0,0
대구,남구,257,0,0,2,0,32,7,2,0,6,5,0,5,6,0,2,5,8,1,2,8,0,12,2,6,14,1,0,58,9,4,1,59,0,0
대구,달서구,853,0,0,11,0,84,11,0,0,15,24,0,6,26,0,9,10,25,3,10,43,0,53,7,20,47,7,0,217,13,29,8,172,2,1
대구,달성군,257,0,0,3,0,24,7,0,0,3,4,0,0,15,0,0,4,6,0,6,14,0,19,1,5,11,0,0,64,8,6,0,57,0,0
대구,동구,487,0,0,8,0,48,8,0,0,19,13,0,5,21,0,3,7,12,1,2,23,0,38,3,10,19,2,0,104,12,9,7,111,2,0
대구,북구,581,0,0,8,0,59,12,4,0,10,14,0,3,20,0,2,5,13,0,5,25,0,36,4,13,36,0,0,145,15,14,4,132,2,0
대구,서구,246,0,0,7,0,25,11,0,0,3,4,0,0,3,0,1,3,6,1,5,8,0,15,1,4,17,2,0,56,5,5,0,63,0,1
대구,수성구,893,0,1,5,0,90,8,0,0,16,24,0,11,31,0,12,14,27,4,13,32,0,44,10,28,40,2,2,197,19,46,4,209,3,1
대구,중구,491,0,0,7,0,34,1,1,0,18,15,0,58,6,0,8,7,21,4,14,16,0,18,7,11,11,2,1,106,9,46,2,66,1,1
대전,대덕구,208,0,0,7,0,18,3,0,1,3,4,0,0,5,0,0,3,5,1,1,10,0,23,2,6,9,1,0,53,3,2,0,48,0,0
대전,동구,335,0,0,14,0,28,15,0,0,10,5,0,2,3,0,3,5,10,2,2,11,0,27,3,9,12,1,0,70,12,5,2,84,0,0
대전,서구,924,0,0,13,0,72,6,1,0,15,33,0,32,27,0,10,7,18,6,10,24,0,50,15,36,39,2,0,229,12,70,12,179,4,2
대전,유성구,492,0,0,9,0,39,9,0,0,7,13,0,2,23,0,3,1,12,1,9,20,0,28,9,13,23,0,0,120,7,24,2,117,1,0
대전,중구,353,0,0,5,0,35,12,2,0,6,2,0,3,6,0,6,1,9,1,4,12,0,28,8,14,17,1,0,84,6,11,2,77,0,1
부산,강서구,118,0,0,2,0,11,0,0,0,1,1,0,1,9,0,0,1,3,0,0,6,0,13,0,2,3,1,0,34,1,6,1,21,1,0
부산,금정구,350,0,0,5,0,31,16,0,0,5,9,0,0,7,0,0,4,8,0,6,16,0,20,1,8,17,0,0,92,7,15,2,81,0,0
부산,기장군,176,0,0,3,0,19,2,0,0,3,5,0,1,5,0,0,1,6,0,3,7,0,13,0,2,7,1,0,47,5,7,2,37,0,0
부산,남구,389,0,0,4,0,37,4,0,0,5,9,0,3,10,0,1,3,8,0,3,18,0,27,5,13,19,1,0,102,8,17,2,89,1,0
부산,동구,153,0,0,3,0,14,6,0,0,7,1,0,0,2,0,1,1,4,0,1,7,0,12,1,5,6,2,0,35,11,1,2,31,0,0
부산,동래구,505,0,0,7,0,41,11,0,0,8,11,1,3,17,0,2,5,19,2,4,16,0,21,4,12,24,3,0,144,13,20,3,112,2,0
부산,부산진구,841,0,0,7,0,61,13,1,0,24,14,1,86,15,0,3,8,35,3,12,24,1,55,2,24,24,2,0,177,16,69,5,153,2,4
부산,북구,369,0,0,3,0,37,12,0,0,5,9,0,2,15,0,1,3,8,0,3,13,0,19,2,10,16,2,0,96,11,20,1,79,1,1
부산,사상구,225,0,0,7,0,22,11,0,0,4,5,0,0,7,0,1,3,6,0,2,12,0,18,4,7,9,2,0,56,4,3,1,39,1,1
부산,사하구,411,0,0,3,0,40,20,0,0,7,9,0,6,13,0,2,3,11,2,6,19,0,24,2,10,25,0,0,101,12,13,4,77,1,1
부산,서구,122,0,0,0,0,12,4,2,0,3,1,0,0,2,0,0,1,3,0,0,2,0,17,1,2,5,2,0,34,0,1,2,28,0,0
부산,수영구,304,0,0,4,0,27,9,0,0,5,5,0,2,5,0,1,5,7,1,2,9,0,21,1,13,16,3,1,79,5,8,1,74,0,0
부산,연제구,388,0,0,4,0,38,12,0,0,6,7,0,4,14,0,2,2,9,0,7,13,0,23,4,19,17,2,0,97,7,14,1,83,1,2
부산,영도구,129,0,0,0,0,13,5,0,0,0,4,0,0,4,0,1,1,4,0,0,6,0,19,2,3,6,3,0,25,3,4,0,25,1,0
부산,중구,135,0,0,2,0,13,5,0,0,5,1,0,3,1,0,2,0,3,0,3,5,0,5,1,2,5,1,0,37,5,8,1,25,2,0
부산,해운대구,685,0,0,7,0,55,12,1,0,10,19,0,27,22,0,4,5,23,1,12,25,0,40,6,19,30,1,0,163,13,62,1,126,1,0
서울,강남구,3193,3,0,41,0,115,8,2,0,47,91,2,589,39,0,15,11,76,12,27,81,1,204,25,132,91,3,4,548,19,581,9,406,2,9
서울,강동구,978,1,0,17,0,92,6,1,0,19,32,0,11,30,0,9,7,24,2,10,46,1,33,17,29,62,2,0,252,16,52,9,198,0,0
서울,강북구,465,0,0,3,1,45,5,0,0,9,9,0,6,8,0,1,6,12,1,8,20,0,38,3,10,31,2,0,120,11,20,2,93,1,0
서울,강서구,965,0,0,22,0,84,5,1,0,17,27,0,8,28,0,3,8,24,1,9,44,0,46,10,29,54,4,1,255,17,56,8,200,4,0
서울,관악구,708,0,0,21,0,64,3,0,0,12,24,0,7,17,0,4,4,16,2,6,28,0,34,5,25,44,1,0,203,11,29,4,141,3,0
서울,광진구,589,1,0,13,0,51,2,1,0,8,18,0,4,15,0,0,5,15,1,4,27,0,29,8,24,36,1,0,152,15,35,2,118,3,1
서울,구로구,622,0,0,18,0,56,10,1,0,10,15,0,7,18,0,0,5,19,3,5,28,0,34,5,12,39,1,0,174,10,26,2,120,2,2
서울,금천구,370,0,0,4,0,33,4,0,0,5,8,0,1,9,0,0,1,9,1,2,16,0,27,5,13,28,3,0,109,5,8,5,73,1,0
서울,노원구,763,1,0,17,0,64,8,2,0,14,24,0,8,25,0,5,3,22,4,12,34,1,42,7,21,46,1,0,197,12,40,4,147,2,0
서울,도봉구,374,0,0,7,0,33,8,0,0,4,9,0,0,12,0,0,2,7,1,7,15,0,25,5,8,21,1,0,103,7,13,4,81,1,0
서울,동대문구,646,0,0,7,0,50,6,1,0,8,21,0,4,15,1,3,5,19,3,4,27,0,30,7,19,46,2,0,170,9,25,3,161,0,0
서울,동작구,610,0,0,16,0,49,1,1,0,6,17,0,6,15,0,1,6,15,2,4,33,0,25,8,21,36,1,0,174,7,31,2,130,1,2
서울,마포구,783,0,0,15,0,55,4,0,0,15,25,0,11,16,0,1,4,16,3,5,35,1,38,5,45,35,0,0,198,7,97,3,145,3,1
서울,서대문구,464,1,0,11,0,36,6,1,0,7,14,0,6,12,0,3,2,16,2,7,21,0,22,6,10,24,1,1,131,6,27,2,87,2,0
서울,서초구,1618,0,1,21,0,78,6,1,0,32,50,1,198,33,2,9,6,49,6,18,40,1,87,17,76,59,1,0,322,15,211,7,268,2,1
서울,성동구,503,0,0,12,0,38,3,3,0,8,12,0,0,18,0,2,6,12,1,6,20,0,29,5,17,27,1,0,124,13,40,2,102,1,1
서울,성북구,577,1,0,15,0,48,10,2,0,6,14,0,6,20,0,3,2,15,1,6,23,0,35,5,19,35,0,0,154,15,18,2,121,0,1
서울,송파구,1316,0,0,24,1,94,8,0,0,21,37,0,11,39,0,10,7,32,5,10,55,0,77,13,62,75,1,3,330,24,99,10,262,4,2
서울,양천구,693,0,0,17,0,56,4,1,0,8,17,0,10,20,0,5,5,13,1,1,32,0,29,8,16,41,2,0,194,15,40,7,147,3,1
서울,영등포구,872,1,1,15,0,74,11,2,0,15,27,0,12,23,0,5,9,20,4,8,38,1,37,16,32,52,5,1,231,14,62,2,152,1,1
서울,용산구,339,0,0,8,0,26,1,0,0,3,10,0,6,10,0,1,1,9,0,4,10,0,30,3,9,12,2,1,92,3,34,0,63,1,0
서울,은평구,724,0,0,20,0,67,6,1,0,9,16,0,6,19,2,3,5,20,2,4,26,0,38,13,14,45,1,0,198,18,28,4,158,0,1
서울,종로구,474,0,0,9,0,21,1,2,0,13,12,0,5,6,0,2,2,11,2,1,18,0,32,6,21,25,3,0,139,9,20,1,110,2,1
서울,중구,588,1,0,11,1,33,0,0,0,10,15,0,7,2,0,2,4,9,1,5,29,0,39,5,16,31,0,0,186,5,75,0,101,0,0
서울,중랑구,586,0,0,8,0,55,5,0,0,7,14,0,1,14,1,1,2,15,0,4,26,1,43,2,12,42,3,0,168,16,21,1,122,2,0
세종,세종시,440,0,0,7,0,38,3,0,0,7,10,0,2,25,0,2,2,9,1,6,18,0,28,3,15,24,2,0,100,7,25,5,100,1,0
울산,남구,533,0,0,3,0,39,13,0,0,11,18,0,13,8,0,4,3,14,2,8,19,0,38,7,16,16,3,0,137,14,41,5,96,1,4
울산,동구,156,0,0,1,0,16,2,1,0,3,4,0,0,5,0,0,3,3,1,1,6,0,15,1,1,7,0,0,43,4,7,1,31,0,0
울산,북구,168,0,0,3,0,10,4,0,0,2,4,0,0,12,0,0,2,3,0,0,9,0,16,3,2,7,2,0,48,3,3,1,33,1,0
울산,울주군,169,0,0,6,0,12,10,0,0,1,3,0,0,6,0,0,0,5,0,0,7,0,20,1,4,10,1,0,39,4,2,0,38,0,0
울산,중구,218,0,0,12,0,19,5,0,0,4,6,0,2,7,0,2,2,5,0,3,8,0,14,2,2,8,2,0,59,5,4,0,47,0,0
인천,강화군,59,0,0,0,0,3,3,0,0,0,1,0,0,1,0,0,2,2,0,0,1,0,7,0,1,0,1,0,16,0,1,1,19,0,0
인천,계양구,373,0,0,4,0,30,8,0,0,6,7,0,3,14,0,0,3,9,0,3,14,0,30,4,8,22,2,0,113,7,8,7,70,1,0
인천,남동구,758,1,0,12,0,64,15,0,0,13,14,0,19,26,0,4,5,15,1,11,31,0,48,7,16,37,2,0,195,15,46,13,145,3,0
인천,미추홀구,519,0,0,13,0,49,14,0,1,8,13,0,2,13,0,3,8,12,1,6,20,0,31,8,13,33,2,0,140,11,13,7,95,3,0
인천,부평구,671,0,0,16,0,57,5,1,0,10,17,0,13,23,0,3,7,16,1,4,24,0,52,6,10,41,2,1,185,11,33,8,122,1,2
인천,서구,679,0,1,9,0,57,12,1,0,10,19,0,8,37,0,0,3,17,1,6,33,0,41,4,16,45,6,0,182,8,34,11,117,0,1
인천,연수구,519,0,0,8,0,44,5,0,0,7,11,0,11,22,0,1,6,13,0,1,23,0,32,5,14,26,3,0,138,7,41,6,93,2,0
인천,옹진군,2,0,0,0,0,0,0,0,0,0,0,0,0,0,0,0,0,0,0,0,0,0,1,0,0,0,0,0,1,0,0,0,0,0,0
전남,강진군,23,0,0,0,0,2,0,0,0,0,0,0,0,0,1,0,0,1,0,0,0,0,6,0,0,1,0,0,5,0,1,0,6,0,0
전남,고흥군,38,0,0,0,1,1,1,0,0,1,0,0,0,0,0,0,1,2,0,1,1,0,7,2,1,0,1,0,10,0,1,0,7,0,0
전남,곡성군,18,0,0,0,0,0,1,0,0,0,0,0,0,1,0,0,0,0,0,0,0,0,4,1,0,0,0,0,6,0,0,0,5,0,0
전남,광양시,100,0,0,0,0,6,1,0,0,1,1,0,0,4,0,1,2,1,0,2,4,0,14,0,1,4,2,0,27,2,3,2,22,0,0
전남,구례군,20,0,0,1,0,1,2,0,0,0,0,0,0,0,0,0,0,1,0,2,0,0,5,1,0,0,0,0,4,0,0,0,3,0,0
전남,나주시,117,0,0,2,0,8,2,0,0,1,4,0,1,3,0,1,1,3,0,3,4,0,13,1,4,5,2,0,33,0,2,1,22,0,1
전남,담양군,37,0,0,0,0,3,1,0,0,0,0,0,0,0,0,1,0,1,0,2,1,0,9,0,0,1,0,0,8,1,0,1,8,0,0
전남,목포시,194,0,0,6,0,13,7,0,0,5,4,0,2,2,0,2,0,7,1,1,3,0,25,1,3,16,5,0,45,3,7,6,29,0,1
전남,무안군,72,0,0,1,0,7,6,0,0,1,1,0,1,1,0,1,0,1,0,1,2,0,12,0,0,2,1,0,16,2,4,1,11,0,0
전남,보성군,25,0,0,0,0,2,1,0,0,0,0,0,0,0,0,0,0,1,0,1,0,0,7,0,0,0,0,0,6,1,0,0,6,0,0
전남,순천시,285,0,0,6,0,19,4,0,0,10,5,0,6,5,1,1,2,7,0,6,9,0,29,1,7,12,5,0,80,4,11,7,48,0,0
전남,신안군,13,0,0,0,0,0,1,0,0,0,0,0,0,0,0,0,0,0,0,0,0,0,7,0,0,0,0,0,1,0,0,0,4,0,0
전남,여수시,240,0,0,8,0,18,5,0,0,4,5,0,3,5,0,1,4,6,0,1,6,0,31,0,4,10,4,0,65,5,13,3,39,0,0
전남,영광군,49,0,0,1,0,4,1,0,0,2,1,0,0,0,0,1,1,1,0,1,1,0,6,0,2,0,2,0,9,2,1,0,13,0,0
전남,영암군,39,0,0,0,0,3,0,0,0,0,0,0,0,0,0,0,1,1,0,0,0,0,10,0,0,2,0,0,10,0,0,0,12,0,0
전남,완도군,35,0,0,0,0,2,0,0,0,0,0,0,0,0,0,0,0,1,0,0,0,0,12,0,0,1,0,0,11,2,0,0,6,0,0
전남,장성군,25,0,0,1,0,2,1,0,0,0,0,0,0,0,0,0,0,1,0,0,1,0,6,0,0,1,0,0,6,1,0,0,5,0,0
전남,장흥군,32,0,0,2,0,3,0,0,0,1,0,0,0,0,0,0,0,0,0,0,2,0,8,0,0,1,2,0,4,2,0,0,7,0,0
전남,진도군,18,0,0,0,0,1,0,0,0,0,0,0,0,0,0,0,0,0,0,0,0,0,7,0,1,2,1,0,4,0,0,0,2,0,0
전남,함평군,19,0,0,0,0,0,0,0,0,0,0,0,0,0,0,0,0,0,0,0,0,0,7,0,1,0,0,0,5,0,1,0,5,0,0
전남,해남군,51,0,0,0,0,6,0,0,0,1,1,0,0,0,0,0,0,2,1,2,1,0,10,2,0,0,2,0,15,1,1,0,6,0,0
전남,화순군,60,0,0,0,0,3,8,1,0,2,1,0,0,0,0,0,0,2,0,2,1,0,8,0,0,2,0,1,13,2,1,1,12,0,0
전북,고창군,55,0,0,3,0,3,5,0,0,1,0,0,0,0,0,0,0,2,0,0,1,0,8,1,0,4,1,0,13,1,1,0,10,0,1
전북,군산시,327,0,0,17,0,25,8,1,0,5,7,0,3,14,0,2,2,9,0,4,14,0,27,2,7,11,2,0,81,4,9,4,68,1,0
전북,김제시,99,0,0,3,0,9,5,0,0,2,2,0,0,3,0,1,2,3,1,1,3,0,10,1,5,4,0,0,19,3,2,0,20,0,0
전북,남원시,94,0,0,4,0,9,4,0,0,2,2,0,0,3,1,2,2,4,0,0,4,0,7,1,3,5,0,0,17,4,2,0,16,2,0
전북,무주군,24,0,0,0,0,2,2,0,0,0,0,0,0,0,0,0,1,1,0,2,0,0,2,0,0,0,0,0,6,0,0,0,8,0,0
전북,부안군,58,0,0,1,0,4,2,0,0,1,1,0,0,1,0,0,1,1,0,1,1,0,8,0,1,3,1,0,16,0,0,1,14,0,0
전북,순창군,30,0,0,2,0,3,1,0,0,0,0,0,0,0,0,0,0,1,0,0,1,0,3,1,1,2,0,0,7,0,1,0,7,0,0
전북,완주군,102,0,0,9,0,9,3,0,0,0,1,0,0,6,0,0,2,1,0,1,2,0,8,3,1,5,0,0,20,2,3,1,25,0,0
전북,익산시,363,0,0,4,0,41,9,1,0,5,11,0,2,9,0,4,6,6,1,4,11,0,30,1,8,18,1,0,88,6,11,7,79,0,0
전북,임실군,30,0,0,6,0,3,3,0,0,0,0,0,0,0,0,0,0,0,0,1,0,0,3,0,0,1,0,0,6,0,0,0,7,0,0
전북,장수군,14,0,0,2,0,2,0,0,0,0,0,0,0,0,0,0,0,0,0,0,0,0,3,0,0,0,0,0,3,0,0,0,4,0,0
전북,전주덕진구,491,0,0,13,0,55,14,1,0,10,18,1,2,20,0,5,3,11,3,4,20,0,17,4,12,16,2,3,120,16,18,12,86,3,2
전북,전주완산구,631,0,0,15,0,53,17,0,0,9,13,0,21,14,0,5,5,14,2,11,17,0,29,6,17,27,3,1,159,18,33,12,128,2,0
전북,정읍시,141,0,0,6,0,11,4,0,0,2,3,0,0,2,0,1,2,3,0,3,4,0,15,2,2,7,1,0,33,5,3,2,30,0,0
전북,진안군,19,0,0,3,0,1,0,0,0,0,0,0,0,0,0,0,0,1,0,1,0,0,3,0,0,1,0,0,4,0,0,0,5,0,0
제주,서귀포시,227,0,0,4,0,12,0,0,0,4,7,0,1,5,0,1,2,5,0,3,7,0,34,3,3,11,1,1,56,10,4,0,53,0,0
제주,제주시,716,0,0,11,0,52,13,0,0,12,16,0,9,28,1,3,5,19,1,8,24,0,83,3,22,33,5,0,182,12,30,1,141,1,1
충남,계룡시,52,0,0,1,0,3,2,0,0,1,1,0,0,2,0,0,0,1,0,1,2,0,3,0,1,1,0,0,13,4,2,0,14,0,0
충남,공주시,131,0,0,2,0,12,8,0,0,4,4,0,0,4,1,1,2,4,0,3,4,0,9,0,8,4,0,0,26,1,2,1,31,0,0
충남,금산군,67,0,0,0,0,4,3,0,0,1,1,0,0,1,0,1,0,1,0,1,2,0,16,2,1,1,0,0,11,2,0,0,19,0,0
충남,논산시,154,0,0,4,0,9,9,0,0,1,3,0,0,3,0,2,2,3,1,7,5,0,16,2,3,5,1,0,32,2,1,1,42,0,0
충남,당진시,167,0,0,2,0,13,3,0,0,2,4,0,0,6,0,1,3,5,0,4,3,0,27,1,3,4,1,0,39,3,7,2,34,0,0
충남,보령시,114,0,0,2,0,11,2,0,0,2,2,0,0,3,0,0,1,2,1,7,3,0,11,1,3,6,1,0,26,2,1,0,27,0,0
충남,부여군,59,0,0,1,0,3,3,0,0,1,0,0,0,0,0,0,3,1,0,0,2,0,11,0,3,2,0,0,16,0,0,0,13,0,0
충남,서산시,167,0,0,3,0,14,2,0,0,5,3,0,3,4,1,1,3,4,1,2,3,0,16,1,2,8,2,0,49,3,5,1,31,0,0
충남,서천군,58,0,0,0,0,3,4,0,0,0,1,0,0,1,0,0,0,2,0,1,1,0,10,1,2,5,0,0,12,0,2,0,13,0,0
충남,아산시,338,1,0,8,1,26,3,0,0,4,6,0,2,14,0,1,5,8,0,4,9,0,34,2,11,15,2,0,96,4,11,5,64,1,1
충남,예산군,77,0,0,1,0,6,0,0,0,2,1,0,0,0,0,0,1,2,0,4,1,0,13,2,3,3,1,0,20,1,0,0,16,0,0
충남,천안동남구,299,0,0,4,0,23,10,2,0,8,6,0,8,6,0,2,2,7,1,1,7,0,25,1,10,16,1,0,75,5,9,0,67,1,2
충남,천안서북구,505,1,0,13,0,38,4,0,0,6,18,0,10,18,0,5,5,10,1,4,15,0,32,4,10,22,1,0,131,9,30,11,106,0,1
충남,청양군,22,0,0,0,0,1,1,0,0,0,0,0,0,0,0,0,0,0,0,0,0,0,6,0,0,0,0,0,6,1,0,0,7,0,0
충남,태안군,54,0,0,0,0,4,2,0,0,1,0,0,0,0,0,0,1,1,0,2,1,0,11,0,0,2,0,0,14,3,0,0,12,0,0
충남,홍성군,109,0,0,1,0,8,3,0,0,0,3,0,1,4,0,1,1,3,1,1,3,0,12,0,2,3,1,0,29,2,3,1,26,0,0
충북,괴산군,16,0,0,0,0,2,1,0,0,0,0,0,0,0,0,0,0,0,0,1,0,0,3,0,0,1,0,0,5,0,0,0,3,0,0
충북,단양군,18,0,0,0,0,1,3,0,0,0,0,0,0,0,0,0,0,0,0,0,0,0,5,0,0,1,0,0,5,0,0,0,3,0,0
충북,보은군,30,0,0,0,0,2,2,0,0,0,0,0,0,0,0,0,0,1,0,2,0,0,5,0,1,1,0,0,6,0,0,1,9,0,0
충북,영동군,44,0,0,0,0,5,2,0,0,0,0,0,0,0,0,0,0,1,0,0,1,0,8,1,2,3,0,1,7,1,0,0,12,0,0
충북,옥천군,48,0,0,0,0,4,1,0,0,2,1,0,0,1,0,1,0,1,0,1,1,0,9,1,1,2,1,0,11,0,0,0,10,0,0
충북,음성군,91,0,0,3,0,8,2,0,0,0,1,0,0,3,0,0,0,3,0,2,3,0,11,0,2,6,1,0,26,1,0,0,18,0,1
충북,제천시,170,0,0,0,0,13,5,0,0,2,8,0,1,4,0,0,2,5,1,2,5,0,21,2,2,8,3,0,41,2,5,1,37,0,0
충북,증평군,38,0,0,1,0,4,1,0,0,1,1,0,0,1,0,1,0,1,0,1,1,0,3,1,0,1,0,0,11,1,0,0,8,0,0
충북,진천군,77,0,0,3,0,7,1,0,0,1,1,0,0,3,0,0,1,2,0,1,2,0,7,1,1,3,1,0,22,1,1,0,17,0,1
충북,청주상당구,257,0,0,9,0,19,1,0,0,5,7,0,6,11,0,1,1,7,0,2,8,0,11,1,10,13,2,0,64,4,17,3,53,2,0
충북,청주서원구,220,0,0,13,0,18,6,1,0,5,7,0,0,6,0,1,5,3,1,4,9,0,13,3,5,10,2,1,43,5,6,1,52,0,0
충북,청주청원구,199,0,0,10,0,15,2,0,0,4,5,0,0,7,0,1,0,5,0,6,8,0,16,2,5,11,1,0,49,2,4,3,43,0,0
충북,청주흥덕구,377,0,0,9,0,26,1,0,0,6,11,1,10,14,0,2,9,6,0,2,12,0,30,5,12,13,2,0,94,3,23,3,78,3,2
충북,충주시,220,0,0,3,0,21,7,1,0,4,6,0,2,8,1,1,3,3,1,2,7,0,25,5,6,11,0,0,43,3,6,2,49,0,0
