시도,시군구,인구,점포_계,인구1만명당_점포,업종_음식,업종_소매,업종_수리·개인,업종_교육,업종_과학·기술,업종_예술·스포츠,업종_부동산,업종_보건의료,업종_숙박,업종_시설관리·임대,비율%_음식,비율%_소매,비율%_수리·개인,비율%_교육,비율%_과학·기술,비율%_예술·스포츠,비율%_부동산,비율%_보건의료,비율%_숙박,비율%_시설관리·임대,중_이용·미용,중_욕탕·신체관리,중_의약·화장품,중_일반교육,중_기타교육,중_병원,중_의원,중_기타보건,중_스포츠,중_주점,중_카페,중_부동산서비스,중_경영컨설팅,중_의복소매,미용업소_1만명당,학원_1만명당,카페_1만명당,헬스_1만명당,오피스_1만명당,상가_의원,심평원_의원
강원,강릉시,205666,16699,811.9,5880,3713,1850,1059,862,629,337,272,1510,587,35.2,22.2,11.1,6.3,5.2,3.8,2.0,1.6,9.0,3.5,1040,82,267,399,611,15,236,21,—,792,933,337,100,641,54.6,49.1,45.4,—,4.9,236,122
강원,고성군,27204,2631,967.1,929,573,143,79,97,86,48,20,570,86,35.3,21.8,5.4,3.0,3.7,3.3,1.8,0.8,21.7,3.3,70,3,22,16,59,0,18,2,23,75,153,48,13,56,26.8,27.6,56.2,8.5,4.8,18,7
강원,동해시,85589,5957,696.0,2146,1590,768,323,252,228,58,105,262,225,36.0,26.7,12.9,5.4,4.2,3.8,1.0,1.8,4.4,3.8,418,49,108,92,218,7,89,9,106,346,276,58,17,275,54.6,36.2,32.2,12.4,2.0,89,48
강원,삼척시,60294,4260,706.5,1643,1030,407,163,169,167,41,53,423,164,38.6,24.2,9.6,3.8,4.0,3.9,1.0,1.2,9.9,3.8,214,20,53,59,98,3,47,3,64,243,220,41,10,149,38.8,26.0,36.5,10.6,1.7,47,24
강원,속초시,78893,7349,931.5,2929,1806,699,339,301,281,182,140,458,214,39.9,24.6,9.5,4.6,4.1,3.8,2.5,1.9,6.2,2.9,370,45,110,102,220,7,124,9,104,363,331,182,19,317,52.6,40.8,42.0,13.2,2.4,124,69
강원,양구군,20372,1438,705.9,522,353,156,73,59,51,7,15,146,56,36.3,24.5,10.8,5.1,4.1,3.5,0.5,1.0,10.2,3.9,71,8,13,22,49,2,12,1,26,57,49,7,7,36,38.8,34.9,24.1,12.8,3.4,12,5
강원,양양군,27326,3157,1155.3,1017,613,166,154,103,123,52,18,797,114,32.2,19.4,5.3,4.9,3.3,3.9,1.6,0.6,25.2,3.6,67,12,20,25,127,0,15,3,29,91,145,52,13,50,28.9,55.6,53.1,10.6,4.8,15,6
강원,영월군,35714,2811,787.1,882,703,207,110,122,132,33,28,457,137,31.4,25.0,7.4,3.9,4.3,4.7,1.2,1.0,16.3,4.9,100,5,37,33,68,2,21,5,32,69,102,33,16,60,29.4,28.3,28.6,9.0,4.5,21,10
강원,원주시,364811,22917,628.2,7240,5516,3013,1609,1892,870,764,511,494,1008,31.6,24.1,13.1,7.0,8.3,3.8,3.3,2.2,2.2,4.4,1631,131,495,593,935,34,441,36,369,729,1090,764,443,999,48.3,41.9,29.9,10.1,12.1,441,239
강원,인제군,30771,2926,950.9,956,779,205,122,109,120,27,22,481,105,32.7,26.6,7.0,4.2,3.7,4.1,0.9,0.8,16.4,3.6,98,8,29,29,83,1,17,4,41,95,110,27,14,59,34.4,36.4,35.7,13.3,4.5,17,5
강원,정선군,35128,3009,856.6,1066,851,241,78,107,85,23,23,377,158,35.4,28.3,8.0,2.6,3.6,2.8,0.8,0.8,12.5,5.3,102,18,39,17,47,2,19,2,—,95,134,23,14,62,34.2,18.2,38.1,—,4.0,19,8
강원,철원군,39711,2878,724.7,1059,733,291,155,123,139,57,33,198,90,36.8,25.5,10.1,5.4,4.3,4.8,2.0,1.1,6.9,3.1,165,8,48,60,90,2,30,1,52,121,125,57,14,81,43.6,37.8,31.5,13.1,3.5,30,17
강원,춘천시,285027,17984,631.0,5907,4052,2172,1243,1415,795,462,369,833,736,32.8,22.5,12.1,6.9,7.9,4.4,2.6,2.1,4.6,4.1,1271,77,331,432,725,22,314,33,338,610,827,462,191,841,47.3,40.6,29.0,11.9,6.7,314,181
강원,태백시,36811,2700,733.5,956,790,358,112,115,118,12,41,95,103,35.4,29.3,13.3,4.1,4.3,4.4,0.4,1.5,3.5,3.8,173,24,48,34,69,3,35,3,59,150,104,12,13,155,53.5,28.0,28.3,16.0,3.5,35,22
강원,평창군,39897,3845,963.7,1339,826,283,150,136,123,73,36,647,232,34.8,21.5,7.4,3.9,3.5,3.2,1.9,0.9,16.8,6.0,116,21,33,44,95,2,34,0,47,125,167,73,28,65,34.3,34.8,41.9,11.8,7.0,34,14
강원,홍천군,65849,4942,750.5,1622,1273,437,179,218,158,128,61,654,212,32.8,25.8,8.8,3.6,4.4,3.2,2.6,1.2,13.2,4.3,202,31,62,46,119,5,51,5,65,142,211,128,40,150,35.4,25.1,32.0,9.9,6.1,51,28
강원,화천군,22579,1637,725.0,579,417,136,77,57,61,21,13,237,39,35.4,25.5,8.3,4.7,3.5,3.7,1.3,0.8,14.5,2.4,58,4,13,27,43,0,13,0,18,49,58,21,5,31,27.5,31.0,25.7,8.0,2.2,13,10
강원,횡성군,45575,3066,672.7,1047,800,277,122,163,96,113,38,292,118,34.1,26.1,9.0,4.0,5.3,3.1,3.7,1.2,9.5,3.8,109,9,42,36,76,4,32,2,42,84,148,113,15,88,25.9,24.6,32.5,9.2,3.3,32,13
경기,가평군,62041,6570,1059.0,1879,1282,369,228,326,235,175,62,1833,181,28.6,19.5,5.6,3.5,5.0,3.6,2.7,0.9,27.9,2.8,176,26,65,55,150,7,55,0,66,135,295,175,86,116,32.6,33.0,47.5,10.6,13.9,55,27
경기,고양덕양구,483048,21412,443.3,5364,4515,2531,2020,3329,994,915,579,130,1035,25.1,21.1,11.8,9.4,15.5,4.6,4.3,2.7,0.6,4.8,1361,98,465,817,1099,31,530,18,461,451,742,915,1028,788,30.2,39.7,15.4,9.5,21.3,530,307
경기,고양일산동구,298269,17539,588.0,4407,3976,2259,1633,2388,811,676,407,72,910,25.1,22.7,12.9,9.3,13.6,4.6,3.9,2.3,0.4,5.2,1127,130,404,603,901,33,344,30,352,486,782,676,379,1017,42.1,50.4,26.2,11.8,12.7,344,187
경기,고양일산서구,276121,11636,421.4,2808,2860,1591,1379,951,570,462,369,87,559,24.1,24.6,13.7,11.9,8.2,4.9,4.0,3.2,0.7,4.8,830,58,287,634,683,14,345,10,253,187,430,462,143,683,32.2,47.7,15.6,9.2,5.2,345,194
경기,과천시,80832,2931,362.6,759,657,267,354,448,81,186,89,3,87,25.9,22.4,9.1,12.1,15.3,2.8,6.3,3.0,0.1,3.0,145,11,54,146,187,—,85,2,48,16,181,186,97,99,19.3,41.2,22.4,5.9,12.0,85,63
경기,광명시,303666,12547,413.2,3144,2837,1444,1252,1679,522,630,470,90,479,25.1,22.6,11.5,10.0,13.4,4.2,5.0,3.7,0.7,3.8,882,77,306,500,666,16,436,18,223,416,440,630,475,616,31.6,38.4,14.5,7.3,15.6,436,247
경기,광주시,399111,16717,418.9,4734,4002,2196,—,1533,820,868,343,181,791,28.3,23.9,13.1,—,9.2,4.9,5.2,2.1,1.1,4.7,1059,92,284,475,711,16,315,12,401,357,701,868,280,525,28.8,29.7,17.6,10.0,7.0,315,168
경기,구리시,187782,11452,609.9,2674,2516,1240,869,2313,445,438,351,114,492,23.3,22.0,10.8,7.6,20.2,3.9,3.8,3.1,1.0,4.3,720,62,265,377,442,18,323,10,202,474,343,438,1246,632,41.6,43.6,18.3,10.8,66.4,323,169
경기,군포시,249462,10235,410.3,3018,2005,1419,996,950,520,431,347,94,455,29.5,19.6,13.9,9.7,9.3,5.1,4.2,3.4,0.9,4.4,825,54,229,372,573,12,313,22,238,423,453,431,180,334,35.2,37.9,18.2,9.5,7.2,313,149
경기,김포시,484042,25160,519.8,6299,5522,2911,2218,3975,1000,1300,548,112,1275,25.0,21.9,11.6,8.8,15.8,4.0,5.2,2.2,0.4,5.1,1439,136,461,927,1147,39,491,18,440,523,936,1300,1288,987,32.5,42.8,19.3,9.1,26.6,491,246
경기,남양주시,727440,33691,463.1,8226,7735,3919,3040,5272,1339,1426,808,287,1639,24.4,23.0,11.6,9.0,15.6,4.0,4.2,2.4,0.9,4.9,2134,139,708,1269,1569,46,737,25,671,635,1198,1426,1831,1377,31.2,39.0,16.5,9.2,25.2,737,402
경기,동두천시,86265,4623,535.9,1641,1231,638,213,242,185,145,100,76,152,35.5,26.6,13.8,4.6,5.2,4.0,3.1,2.2,1.6,3.3,369,28,102,49,151,13,83,4,87,315,179,145,55,223,46.0,23.2,20.8,10.1,6.4,83,40
경기,부천소사구,224202,8591,383.2,2246,2079,1185,793,814,384,404,280,62,344,26.1,24.2,13.8,9.2,9.5,4.5,4.7,3.3,0.7,4.0,742,48,224,329,430,17,250,13,143,256,307,404,196,414,35.2,33.9,13.7,6.4,8.7,250,136
경기,부천오정구,148912,5842,392.3,1719,1485,874,286,425,356,259,185,30,223,29.4,25.4,15.0,4.9,7.3,6.1,4.4,3.2,0.5,3.8,430,25,127,95,176,15,167,3,126,189,220,259,50,193,30.6,18.2,14.8,8.5,3.4,167,90
경기,부천원미구,382339,23287,609.1,6675,5210,3050,1701,2629,1192,866,711,278,975,28.7,22.4,13.1,7.3,11.3,5.1,3.7,3.1,1.2,4.2,1872,178,596,625,951,40,624,47,475,1099,892,866,398,1382,53.6,41.2,23.3,12.4,10.4,624,340
경기,성남분당구,467641,24195,517.4,6169,4916,2629,3111,3262,1039,977,1069,120,903,25.5,20.3,10.9,12.9,13.5,4.3,4.0,4.4,0.5,3.7,1587,152,657,1238,1635,34,977,58,525,542,1098,977,930,1537,37.2,61.4,23.5,11.2,19.9,977,570
경기,성남수정구,234639,11772,501.7,3208,2558,1426,977,1248,555,587,480,236,497,27.3,21.7,12.1,8.3,10.6,4.7,5.0,4.1,2.0,4.2,815,61,303,356,560,17,451,12,220,436,492,587,241,485,37.3,39.0,21.0,9.4,10.3,451,254
경기,성남중원구,200064,10359,517.8,2825,2493,1289,576,1119,533,515,317,204,488,27.3,24.1,12.4,5.6,10.8,5.1,5.0,3.1,2.0,4.7,723,45,228,195,338,12,297,8,159,469,337,515,194,434,38.4,26.6,16.8,7.9,9.7,297,159
경기,수원권선구,360286,14731,408.9,4080,3324,2440,1147,1150,828,619,374,86,683,27.7,22.6,16.6,7.8,7.8,5.6,4.2,2.5,0.6,4.6,1206,84,277,458,655,19,335,20,345,409,552,619,193,654,35.8,30.9,15.3,9.6,5.4,335,172
경기,수원영통구,362099,17094,472.1,4598,3026,1963,2019,2796,744,701,520,117,610,26.9,17.7,11.5,11.8,16.4,4.4,4.1,3.0,0.7,3.6,1188,89,367,862,1015,21,463,36,341,350,835,701,649,619,35.3,51.8,23.1,9.4,17.9,463,268
경기,수원장안구,269984,10924,404.6,3304,2232,1493,1066,844,591,421,355,168,450,30.2,20.4,13.7,9.8,7.7,5.4,3.9,3.2,1.5,4.1,884,36,238,441,568,19,317,19,231,406,528,421,133,288,34.1,37.4,19.6,8.6,4.9,317,159
경기,수원팔달구,193401,14739,762.1,4457,3665,1672,835,1252,662,495,499,523,679,30.2,24.9,11.3,5.7,8.5,4.5,3.4,3.4,3.5,4.6,1072,95,432,190,588,31,448,20,226,641,752,495,181,999,60.3,40.2,38.9,11.7,9.4,448,273
경기,시흥시,514831,25119,487.9,7795,5798,3064,1954,2109,1442,1191,555,212,999,31.0,23.1,12.2,7.8,8.4,5.7,4.7,2.2,0.8,4.0,1739,179,497,747,1102,41,487,27,591,922,915,1191,422,891,37.3,35.9,17.8,11.5,8.2,487,290
경기,안산단원구,288467,21172,733.9,6090,4359,2463,1142,2527,1086,746,515,1193,1051,28.8,20.6,11.6,5.4,11.9,5.1,3.5,2.4,5.6,5.0,1388,182,450,401,667,45,446,24,395,907,767,746,676,852,54.4,37.0,26.6,13.7,23.4,446,249
경기,안산상록구,320773,13317,415.2,3902,3157,1936,852,1204,760,486,288,133,599,29.3,23.7,14.5,6.4,9.0,5.7,3.6,2.2,1.0,4.5,960,70,274,301,508,26,244,18,269,453,458,486,274,526,32.1,25.2,14.3,8.4,8.5,244,130
경기,안성시,198785,10808,543.7,3579,2800,1278,602,645,478,463,182,198,583,33.1,25.9,11.8,5.6,6.0,4.4,4.3,1.7,1.8,5.4,590,65,186,201,366,18,155,9,213,254,470,463,106,437,33.0,28.5,23.6,10.7,5.3,155,88
경기,안양동안구,328594,17712,539.0,4248,3343,1904,1914,3370,722,777,628,82,724,24.0,18.9,10.7,10.8,19.0,4.1,4.4,3.5,0.5,4.1,1190,106,417,870,925,24,571,33,332,583,706,777,651,744,39.4,54.6,21.5,10.1,19.8,571,301
경기,안양만안구,233711,10493,449.0,3142,2536,1277,698,1050,492,433,300,147,418,29.9,24.2,12.2,6.7,10.0,4.7,4.1,2.9,1.4,4.0,746,54,243,211,434,14,276,10,180,513,487,433,180,566,34.2,27.6,20.8,7.7,7.7,276,141
경기,양주시,297226,12820,431.3,3831,3091,1674,874,1250,537,579,231,202,551,29.9,24.1,13.1,6.8,9.8,4.2,4.5,1.8,1.6,4.3,841,70,236,297,531,19,209,3,265,309,484,579,404,392,30.7,27.9,16.3,8.9,13.6,209,124
경기,양평군,126822,—,—,—,—,—,—,—,—,—,—,—,—,—,—,—,—,—,—,—,—,—,—,—,—,—,—,—,—,—,—,—,—,—,—,—,—,—,—,—,—,—,—,47
경기,여주시,113506,7015,618.0,2229,1999,765,321,451,288,295,118,192,357,31.8,28.5,10.9,4.6,6.4,4.1,4.2,1.7,2.7,5.1,394,33,125,116,178,14,100,4,117,181,313,295,92,379,37.6,25.9,27.6,10.3,8.1,100,51
경기,연천군,42977,2690,625.9,951,709,246,89,131,102,101,40,167,154,35.4,26.4,9.1,3.3,4.9,3.8,3.8,1.5,6.2,5.7,120,8,42,25,56,2,38,0,35,97,121,101,17,74,29.8,18.8,28.2,8.1,4.0,38,16
경기,오산시,253590,11437,451.0,3220,2314,1434,771,1696,604,392,250,178,578,28.2,20.2,12.5,6.7,14.8,5.3,3.4,2.2,1.6,5.1,776,70,220,287,434,19,224,7,257,345,444,392,907,385,33.4,28.4,17.5,10.1,35.8,224,116
경기,용인기흥구,434590,18634,428.8,4061,3561,1983,2029,3860,791,924,490,90,845,21.8,19.1,10.6,10.9,20.7,4.2,5.0,2.6,0.5,4.5,980,71,—,784,1049,30,430,30,397,285,707,924,1731,692,24.2,42.2,16.3,9.1,39.8,430,238
경기,용인수지구,369230,12745,345.2,2774,2457,1294,1944,2022,586,632,481,95,460,21.8,19.3,10.2,15.3,15.9,4.6,5.0,3.8,0.7,3.6,772,48,295,809,993,13,446,22,302,184,493,632,797,620,22.2,48.8,13.4,8.2,21.6,446,238
경기,용인처인구,286391,14930,521.3,4517,3400,1728,951,1340,703,840,281,298,872,30.3,22.8,11.6,6.4,9.0,4.7,5.6,1.9,2.0,5.8,751,82,230,323,561,20,245,16,299,439,696,840,304,366,29.1,30.9,24.3,10.4,10.6,245,124
경기,의왕시,164221,5252,319.8,1475,1154,562,516,619,260,288,166,27,185,28.1,22.0,10.7,9.8,11.8,5.0,5.5,3.2,0.5,3.5,301,17,106,183,304,10,146,10,135,97,304,288,116,232,19.4,29.7,18.5,8.2,7.1,146,74
경기,의정부시,461917,20888,452.2,6103,5106,2951,1682,1765,1006,696,623,186,770,29.2,24.4,14.1,8.1,8.4,4.8,3.3,3.0,0.9,3.7,1824,105,513,647,959,43,546,34,429,819,798,696,278,1196,41.8,34.8,17.3,9.3,6.0,546,312
경기,이천시,224740,12326,548.5,3867,3140,1518,843,782,543,545,243,195,650,31.4,25.5,12.3,6.8,6.3,4.4,4.4,2.0,1.6,5.3,809,68,243,316,501,18,213,12,238,346,488,545,123,623,39.0,36.4,21.7,10.6,5.5,213,119
경기,파주시,533387,24595,461.1,7106,5474,2886,1888,3012,1066,1071,477,411,1204,28.9,22.3,11.7,7.7,12.2,4.3,4.4,1.9,1.7,4.9,1485,97,396,700,1046,45,409,23,428,600,1099,1071,734,1025,29.7,32.7,20.6,8.0,13.8,409,242
경기,평택시,619670,33131,534.7,10406,7580,4133,1974,3201,1365,1837,660,285,1690,31.4,22.9,12.5,6.0,9.7,4.1,5.5,2.0,0.9,5.1,2227,234,642,669,1195,42,596,22,597,1470,1283,1837,1117,1310,39.7,30.1,20.7,9.6,18.0,596,330
경기,포천시,140468,10424,742.1,3414,2852,1097,398,730,428,367,143,551,444,32.8,27.4,10.5,3.8,7.0,4.1,3.5,1.4,5.3,4.3,451,50,135,104,264,11,125,7,185,351,441,367,134,372,35.7,26.2,31.4,13.2,9.5,125,64
경기,하남시,327495,16977,518.4,3613,3647,1870,1576,3228,650,924,435,54,980,21.3,21.5,11.0,9.3,19.0,3.8,5.4,2.6,0.3,5.8,978,93,356,583,872,26,398,11,359,277,567,924,1090,695,32.7,44.4,17.3,11.0,33.3,398,241
경기,화성시,998746,46076,461.3,12954,9429,5441,4390,5496,2132,2610,962,478,2184,28.1,20.5,11.8,9.5,11.9,4.6,5.7,2.1,1.0,4.7,2833,297,731,1846,2273,40,877,45,999,1057,1874,2610,1590,1211,31.3,41.2,18.8,10.0,15.9,877,503
경남,거제시,229029,12669,553.2,4943,2701,1374,533,695,524,271,73,1128,427,39.0,21.3,10.8,4.2,5.5,4.1,2.1,0.6,8.9,3.4,847,113,206,164,340,9,52,12,208,653,556,271,73,457,41.9,22.0,24.3,9.1,3.2,52,103
경남,거창군,58846,3378,574.0,1247,940,428,183,156,108,45,15,171,85,36.9,27.8,12.7,5.4,4.6,3.2,1.3,0.4,5.1,2.5,243,22,76,55,106,5,8,2,44,100,157,45,17,167,45.0,27.4,26.7,7.5,2.9,8,28
경남,고성군,46808,2679,572.3,1089,695,275,71,130,70,57,9,181,102,40.6,25.9,10.3,2.7,4.9,2.6,2.1,0.3,6.8,3.8,123,22,48,26,43,2,5,2,27,132,137,57,12,89,31.0,14.7,29.3,5.8,2.6,5,19
경남,김해시,532777,26700,501.1,9225,6751,3793,1544,1691,1107,1072,243,304,970,34.6,25.3,14.2,5.8,6.3,4.1,4.0,0.9,1.1,3.6,2213,224,573,589,877,51,179,13,531,1108,1179,1072,187,1329,45.7,27.5,22.1,10.0,3.5,179,263
경남,남해군,41143,3320,806.9,1108,733,239,63,108,89,51,13,841,75,33.4,22.1,7.2,1.9,3.3,2.7,1.5,0.4,25.3,2.3,125,17,41,12,46,2,10,1,30,97,183,51,14,69,34.5,14.1,44.5,7.3,3.4,10,20
경남,밀양시,98591,5823,590.6,2236,1440,695,165,268,173,208,42,425,171,38.4,24.7,11.9,2.8,4.6,3.0,3.6,0.7,7.3,2.9,372,36,115,50,107,11,26,5,76,218,357,208,25,194,41.4,15.9,36.2,7.7,2.5,26,47
경남,사천시,107882,6468,599.5,2513,1773,821,205,277,191,182,37,279,190,38.9,27.4,12.7,3.2,4.3,3.0,2.8,0.6,4.3,2.9,443,55,131,66,132,9,24,4,85,348,310,182,27,269,46.2,18.4,28.7,7.9,2.5,24,49
경남,산청군,32638,2040,625.0,744,526,138,50,85,80,39,12,310,56,36.5,25.8,6.8,2.5,4.2,3.9,1.9,0.6,15.2,2.7,62,15,31,11,34,1,10,1,22,45,139,39,9,30,23.6,13.8,42.6,6.7,2.8,10,16
경남,양산시,361389,16789,464.6,6056,3861,2466,981,948,686,726,175,279,611,36.1,23.0,14.7,5.8,5.6,4.1,4.3,1.0,1.7,3.6,1356,165,424,323,599,30,132,13,308,709,859,726,115,645,42.1,25.5,23.8,8.5,3.2,132,198
경남,의령군,24531,1087,443.1,498,261,107,22,57,37,23,6,41,35,45.8,24.0,9.8,2.0,5.2,3.4,2.1,0.6,3.8,3.2,43,9,26,2,16,3,2,1,17,58,83,—,1,22,21.2,7.3,33.8,6.9,0.4,2,10
경남,진주시,334651,19577,585.0,6818,5159,2606,996,1189,842,713,182,339,733,34.8,26.4,13.3,5.1,6.1,4.3,3.6,0.9,1.7,3.7,1453,177,479,359,593,18,136,28,335,918,984,713,119,1201,48.7,28.4,29.4,10.0,3.6,136,212
경남,창녕군,54445,—,—,—,—,—,—,—,—,—,—,—,—,—,—,—,—,—,—,—,—,—,—,—,—,—,—,—,—,—,—,—,—,—,—,—,—,—,—,—,—,—,—,28
경남,창원마산합포구,174487,10078,577.6,3999,2700,1191,396,562,328,277,80,237,308,39.7,26.8,11.8,3.9,5.6,3.3,2.7,0.8,2.4,3.1,718,85,225,130,240,18,53,9,146,795,470,277,69,774,46.0,21.2,26.9,8.4,4.0,53,97
경남,창원마산회원구,174175,8241,473.1,2903,1991,1392,366,447,346,243,91,140,322,35.2,24.2,16.9,4.4,5.4,4.2,2.9,1.1,1.7,3.9,788,85,215,125,216,17,65,9,142,471,357,243,43,373,50.1,19.6,20.5,8.2,2.5,65,127
경남,창원성산구,245292,13614,555.0,4626,2908,1804,782,1494,481,540,174,231,574,34.0,21.4,13.3,5.7,11.0,3.5,4.0,1.3,1.7,4.2,1175,117,344,215,488,20,141,13,253,773,621,540,203,749,52.7,28.7,25.3,10.3,8.3,141,181
경남,창원의창구,209377,11213,535.5,3753,2587,1685,584,980,456,400,96,141,531,33.5,23.1,15.0,5.2,8.7,4.1,3.6,0.9,1.3,4.7,885,98,261,212,336,19,67,10,191,554,470,400,148,423,46.9,26.2,22.4,9.1,7.1,67,111
경남,창원진해구,182942,8450,461.9,3582,1884,1207,423,325,378,239,61,115,236,42.4,22.3,14.3,5.0,3.8,4.5,2.8,0.7,1.4,2.8,718,89,177,166,243,11,39,11,163,535,462,239,41,314,44.1,22.4,25.3,8.9,2.2,39,92
경남,통영시,115890,7543,650.9,2952,1724,801,239,308,293,115,45,858,208,39.1,22.9,10.6,3.2,4.1,3.9,1.5,0.6,11.4,2.8,427,68,137,72,159,4,34,7,108,556,347,115,28,313,42.7,19.9,29.9,9.3,2.4,34,72
경남,하동군,39596,2903,733.2,1056,872,236,68,115,81,55,14,327,79,36.4,30.0,8.1,2.3,4.0,2.8,1.9,0.5,11.3,2.7,106,20,46,8,51,4,8,2,22,76,158,55,12,102,31.8,14.9,39.9,5.6,3.0,8,19
경남,함안군,56867,2979,523.9,1198,785,343,76,171,101,111,13,68,113,40.2,26.4,11.5,2.6,5.7,3.4,3.7,0.4,2.3,3.8,149,18,68,27,43,4,9,0,44,116,138,111,26,63,29.4,12.3,24.3,7.7,4.6,9,22
경남,함양군,35141,2156,613.5,802,605,197,—,110,55,33,11,183,81,37.2,28.1,9.1,—,5.1,2.6,1.5,0.5,8.5,3.8,89,18,33,16,57,0,9,2,17,72,97,33,2,59,30.4,20.8,27.6,4.8,0.6,9,21
경남,합천군,38854,2002,515.3,792,563,183,30,96,52,43,15,157,71,39.6,28.1,9.1,1.5,4.8,2.6,2.1,0.7,7.8,3.5,87,21,32,4,23,4,8,3,25,64,108,43,12,54,27.8,6.9,27.8,6.4,3.1,8,16
경북,경산시,263406,13217,501.8,4612,3278,1828,734,895,590,530,124,135,491,34.9,24.8,13.8,5.6,6.8,4.5,4.0,0.9,1.0,3.7,1031,73,284,231,417,17,97,10,271,358,637,530,114,557,41.9,24.6,24.2,10.3,4.3,97,163
경북,경주시,243051,18020,741.4,6583,4275,1770,574,856,582,326,87,2202,765,36.5,23.7,9.8,3.2,4.8,3.2,1.8,0.5,12.2,4.2,920,102,320,185,343,18,59,10,238,574,1100,326,83,739,42.0,21.7,45.3,9.8,3.4,59,125
경북,고령군,29545,1520,514.5,593,458,143,32,93,50,41,9,36,65,39.0,30.1,9.4,2.1,6.1,3.3,2.7,0.6,2.4,4.3,57,9,28,8,20,3,3,3,11,40,78,41,12,35,22.3,9.5,26.4,3.7,4.1,3,12
경북,구미시,402726,20797,516.4,7330,5030,3147,1100,1229,1040,669,157,314,781,35.2,24.2,15.1,5.3,5.9,5.0,3.2,0.8,1.5,3.8,1843,144,510,390,649,21,121,15,439,758,885,669,156,958,49.3,25.8,22.0,10.9,3.9,121,226
경북,김천시,132740,6646,500.7,2443,1737,903,281,387,259,167,39,181,249,36.8,26.1,13.6,4.2,5.8,3.9,2.5,0.6,2.7,3.7,508,29,121,86,173,7,25,7,129,226,312,167,46,303,40.5,19.5,23.5,9.7,3.5,25,59
경북,문경시,64774,4329,668.3,1590,1210,504,141,230,119,87,24,280,144,36.7,28.0,11.6,3.3,5.3,2.7,2.0,0.6,6.5,3.3,275,23,85,40,92,3,20,1,48,154,214,87,31,179,46.0,20.4,33.0,7.4,4.8,20,40
경북,봉화군,28122,1516,539.1,594,415,142,23,82,54,25,4,142,35,39.2,27.4,9.4,1.5,5.4,3.6,1.6,0.3,9.4,2.3,62,5,25,3,17,2,2,0,16,66,95,25,16,33,23.8,7.1,33.8,5.7,5.7,2,8
경북,상주시,89228,4758,533.2,1744,1441,626,159,278,131,89,25,106,159,36.7,30.3,13.2,3.3,5.8,2.8,1.9,0.5,2.2,3.3,320,25,94,47,103,7,15,3,64,156,281,89,65,241,38.7,16.8,31.5,7.2,7.3,15,46
경북,성주군,40461,2287,565.2,922,605,211,43,142,59,63,12,145,85,40.3,26.5,9.2,1.9,6.2,2.6,2.8,0.5,6.3,3.7,95,17,34,9,25,6,3,3,24,62,187,63,11,45,27.7,8.4,46.2,5.9,2.7,3,15
경북,안동시,151864,9462,623.1,3254,2591,1180,406,647,354,147,61,418,404,34.4,27.4,12.5,4.3,6.8,3.7,1.6,0.6,4.4,4.3,596,55,214,120,251,13,39,9,150,405,479,147,70,494,42.9,24.4,31.5,9.9,4.6,39,79
경북,영덕군,32560,2838,871.6,1085,752,292,52,118,83,38,13,336,69,38.2,26.5,10.3,1.8,4.2,2.9,1.3,0.5,11.8,2.4,120,26,51,10,36,3,10,0,28,116,151,38,13,67,44.8,14.1,46.4,8.6,4.0,10,18
경북,영양군,15972,742,464.6,285,230,73,18,—,25,2,1,35,31,38.4,31.0,9.8,2.4,—,3.4,0.3,0.1,4.7,4.2,33,6,12,7,11,1,0,0,10,33,49,2,3,21,24.4,11.3,30.7,6.3,1.9,0,1
경북,영주시,96440,6244,647.4,2112,1983,900,199,291,197,123,36,222,181,33.8,31.8,14.4,3.2,4.7,3.2,2.0,0.6,3.6,2.9,499,30,118,66,116,8,21,7,94,253,232,123,36,378,54.9,18.9,24.1,9.7,3.7,21,51
경북,영천시,94107,4940,524.9,1787,1398,653,161,276,162,136,21,132,214,36.2,28.3,13.2,3.3,5.6,3.3,2.8,0.4,2.7,4.3,299,29,101,30,118,9,12,0,68,155,250,136,21,217,34.9,15.7,26.6,7.2,2.2,12,58
경북,예천군,53422,2386,446.6,936,619,272,101,125,91,55,12,87,88,39.2,25.9,11.4,4.2,5.2,3.8,2.3,0.5,3.6,3.7,139,10,48,35,60,3,7,2,36,72,134,55,16,74,27.9,17.8,25.1,6.7,3.0,7,22
경북,울릉군,8768,929,1059.5,316,210,50,8,26,16,5,1,238,59,34.0,22.6,5.4,0.9,2.8,1.7,0.5,0.1,25.6,6.4,21,4,4,1,6,0,1,0,7,29,38,5,0,11,28.5,8.0,43.3,8.0,0.0,1,0
경북,울진군,46195,3245,702.5,1276,851,326,88,119,128,32,15,283,127,39.3,26.2,10.0,2.7,3.7,3.9,1.0,0.5,8.7,3.9,172,16,48,31,54,2,8,5,57,147,176,32,17,98,40.7,18.4,38.1,12.3,3.7,8,15
경북,의성군,47952,2326,485.1,843,741,284,59,146,55,33,19,42,104,36.2,31.9,12.2,2.5,6.3,2.4,1.4,0.8,1.8,4.5,129,12,41,7,44,10,9,0,23,57,160,33,10,73,29.4,10.6,33.4,4.8,2.1,9,18
경북,청도군,40021,2555,638.4,960,593,201,65,132,61,90,17,353,83,37.6,23.2,7.9,2.5,5.2,2.4,3.5,0.7,13.8,3.2,90,14,42,12,42,8,9,0,20,49,209,90,18,68,26.0,13.5,52.2,5.0,4.5,9,19
경북,청송군,24020,1533,638.2,690,434,133,18,48,50,25,4,82,49,45.0,28.3,8.7,1.2,3.1,3.3,1.6,0.3,5.3,3.2,56,8,20,3,15,2,2,0,20,61,165,25,1,37,26.6,7.5,68.7,8.3,0.4,2,11
경북,칠곡군,103537,6149,593.9,2231,1665,780,232,310,278,211,34,155,253,36.3,27.1,12.7,3.8,5.0,4.5,3.4,0.6,2.5,4.1,386,43,116,72,148,7,25,2,126,152,272,211,39,199,41.4,21.2,26.3,12.2,3.8,25,54
경북,포항남구,212298,13387,630.6,5079,3121,1914,569,721,621,307,88,479,488,37.9,23.3,14.3,4.3,5.4,4.6,2.3,0.7,3.6,3.6,1042,116,308,206,318,13,59,16,264,692,690,307,65,476,54.5,24.7,32.5,12.4,3.1,59,113
경북,포항북구,274710,15141,551.2,5096,4142,1989,722,857,618,522,148,550,497,33.7,27.4,13.1,4.8,5.7,4.1,3.4,1.0,3.6,3.3,1210,111,396,246,422,25,110,13,277,721,813,522,73,1012,48.1,24.3,29.6,10.1,2.7,110,178
광주,광산구,383206,—,—,—,—,—,—,—,—,—,—,—,—,—,—,—,—,—,—,—,—,—,—,—,—,—,—,—,—,—,—,—,—,—,—,—,—,—,—,—,—,—,—,226
광주,남구,205647,—,—,—,—,—,—,—,—,—,—,—,—,—,—,—,—,—,—,—,—,—,—,—,—,—,—,—,—,—,—,—,—,—,—,—,—,—,—,—,—,—,—,153
광주,동구,105200,—,—,—,—,—,—,—,—,—,—,—,—,—,—,—,—,—,—,—,—,—,—,—,—,—,—,—,—,—,—,—,—,—,—,—,—,—,—,—,—,—,—,120
광주,북구,416783,—,—,—,—,—,—,—,—,—,—,—,—,—,—,—,—,—,—,—,—,—,—,—,—,—,—,—,—,—,—,—,—,—,—,—,—,—,—,—,—,—,—,283
광주,서구,274624,—,—,—,—,—,—,—,—,—,—,—,—,—,—,—,—,—,—,—,—,—,—,—,—,—,—,—,—,—,—,—,—,—,—,—,—,—,—,—,—,—,—,282
대구,군위군,22622,1139,503.5,427,320,99,26,82,36,49,3,66,31,37.5,28.1,8.7,2.3,7.2,3.2,4.3,0.3,5.8,2.7,41,6,19,7,13,0,3,0,15,15,75,—,5,23,20.8,8.8,33.2,6.6,2.2,3,8
대구,남구,141344,8405,594.6,2631,2112,1216,338,1010,253,305,76,97,367,31.3,25.1,14.5,4.0,12.0,3.0,3.6,0.9,1.2,4.4,720,45,262,73,225,11,58,7,81,288,431,305,120,372,54.1,21.1,30.5,5.7,8.5,58,116
대구,달서구,513399,22762,443.4,7649,5174,3532,1365,1758,1241,775,291,143,834,33.6,22.7,15.5,6.0,7.7,5.5,3.4,1.3,0.6,3.7,2155,157,666,530,764,23,240,28,500,989,954,775,242,1135,45.0,25.2,18.6,9.7,4.7,240,429
대구,달성군,252000,9329,370.2,3518,2212,1282,548,418,499,395,87,65,305,37.7,23.7,13.7,5.9,4.5,5.3,4.2,0.9,0.7,3.3,696,67,209,200,320,10,70,7,227,240,456,395,69,296,30.3,20.6,18.1,9.0,2.7,70,126
대구,동구,338476,15414,455.4,5132,3779,—,795,1324,656,554,150,238,601,33.3,24.5,—,5.2,8.6,4.3,3.6,1.0,1.5,3.9,1212,95,427,258,482,11,127,12,292,608,735,554,187,1002,38.6,21.9,21.7,8.6,5.5,127,258
대구,북구,406915,18021,442.9,6070,4785,2587,1013,1209,885,545,196,128,603,33.7,26.6,14.4,5.6,6.7,4.9,3.0,1.1,0.7,3.3,1479,89,443,370,585,29,150,17,370,699,799,545,180,977,38.5,23.5,19.6,9.1,4.4,150,279
대구,서구,163508,8218,502.6,2794,2205,1349,203,531,322,261,75,113,365,34.0,26.8,16.4,2.5,6.5,3.9,3.2,0.9,1.4,4.4,660,53,232,53,126,15,50,10,110,514,290,261,64,382,43.6,10.9,17.7,6.7,3.9,50,122
대구,수성구,408147,19916,488.0,5828,3969,2740,2137,2322,908,925,354,84,649,29.3,19.9,13.8,10.7,11.7,4.6,4.6,1.8,0.4,3.3,1798,122,582,967,1023,26,292,36,433,753,963,925,299,760,47.0,48.8,23.6,10.6,7.3,292,464
대구,중구,101754,15153,1489.2,3928,5958,1391,576,1519,304,357,298,227,595,25.9,39.3,9.2,3.8,10.0,2.0,2.4,2.0,1.5,3.9,910,35,417,86,407,14,276,8,99,399,810,357,185,3373,92.9,48.5,79.6,9.7,18.2,276,286
대전,대덕구,164047,8503,518.3,2745,2225,1364,318,630,477,217,61,87,379,32.3,26.2,16.0,3.7,7.4,5.6,2.6,0.7,1.0,4.5,650,50,208,85,195,5,55,1,164,282,338,217,111,299,42.7,17.1,20.6,10.0,6.8,55,103
대전,동구,218251,11824,541.8,3410,3416,1577,614,903,472,383,354,195,500,28.8,28.9,13.3,5.2,7.6,4.0,3.2,3.0,1.6,4.2,808,57,258,197,376,26,308,20,164,251,560,383,117,799,39.6,26.3,25.7,7.5,5.4,308,165
대전,서구,464359,27753,597.7,7416,6252,3859,2367,3090,1309,1016,949,219,1276,26.7,22.5,13.9,8.5,11.1,4.7,3.7,3.4,0.8,4.6,2445,140,708,879,1319,49,840,60,505,673,1209,1016,485,1368,55.7,47.3,26.0,10.9,10.4,840,471
대전,유성구,371104,19141,515.8,6292,4477,2427,1270,1867,859,830,222,148,749,32.9,23.4,12.7,6.6,9.8,4.5,4.3,1.2,0.8,3.9,1350,107,406,385,775,17,177,28,421,502,1120,830,443,1315,39.3,31.3,30.2,11.3,11.9,177,237
대전,중구,224273,13483,601.2,3987,3844,1762,830,915,572,357,358,255,603,29.6,28.5,13.1,6.2,6.8,4.2,2.6,2.7,1.9,4.5,892,55,355,237,536,23,313,22,170,441,609,357,114,974,42.2,34.5,27.2,7.6,5.1,313,170
부산,강서구,153555,8157,531.2,2808,1673,910,571,752,338,539,53,81,432,34.4,20.5,11.2,7.0,9.2,4.1,6.6,0.6,1.0,5.3,424,37,122,224,314,5,43,5,196,166,418,539,123,204,30.0,35.0,27.2,12.8,8.0,43,58
부산,금정구,205672,10318,501.7,3553,2431,1485,533,871,503,373,124,99,346,34.4,23.6,14.4,5.2,8.4,4.9,3.6,1.2,1.0,3.4,859,64,247,154,330,23,89,12,210,400,553,373,127,505,44.9,23.5,26.9,10.2,6.2,89,159
부산,기장군,175262,8745,499.0,3233,2240,991,522,463,344,348,80,207,317,37.0,25.6,11.3,6.0,5.3,3.9,4.0,0.9,2.4,3.6,525,50,157,186,308,10,65,5,159,265,512,348,100,559,32.8,28.2,29.2,9.1,5.7,65,100
부산,남구,254413,9532,374.7,3275,2049,1358,546,832,400,384,153,95,440,34.4,21.5,14.2,5.7,8.7,4.2,4.0,1.6,1.0,4.6,847,60,258,168,306,9,132,12,170,363,449,384,130,322,35.7,18.6,17.6,6.7,5.1,132,192
부산,동구,83354,6930,831.4,1886,2517,653,176,639,155,145,51,230,478,27.2,36.3,9.4,2.5,9.2,2.2,2.1,0.7,3.3,6.9,330,75,170,29,116,10,33,8,70,359,241,145,109,1332,48.6,17.4,28.9,8.4,13.1,33,72
부산,동래구,271097,12002,442.7,4108,2716,1712,867,864,494,487,226,122,406,34.2,22.6,14.3,7.2,7.2,4.1,4.1,1.9,1.0,3.4,1128,120,359,341,490,30,181,15,215,676,526,487,112,568,46.0,30.7,19.4,7.9,4.1,181,226
부산,부산진구,364912,21012,575.8,6888,5397,2944,—,1817,680,755,478,371,768,32.8,25.7,14.0,—,8.6,3.2,3.6,2.3,1.8,3.7,2070,123,562,212,618,35,419,24,312,1218,951,755,288,1625,60.1,22.7,26.1,8.6,7.9,419,486
부산,북구,260736,8677,332.8,3051,2098,1293,510,445,456,289,141,111,283,35.2,24.2,14.9,5.9,5.1,5.3,3.3,1.6,1.3,3.3,834,78,256,174,304,24,105,12,160,462,346,289,60,437,35.0,18.3,13.3,6.1,2.3,105,183
부산,사상구,192475,9599,498.7,3184,2593,1487,266,795,448,279,91,161,295,33.2,27.0,15.5,2.8,8.3,4.7,2.9,0.9,1.7,3.1,667,84,200,61,177,27,59,5,191,480,394,279,83,713,39.0,12.4,20.5,9.9,4.3,59,113
부산,사하구,282159,10862,385.0,4048,2524,1763,467,649,490,359,163,99,300,37.3,23.2,16.2,4.3,6.0,4.5,3.3,1.5,0.9,2.8,1090,105,283,160,270,—,123,11,209,705,444,359,99,443,42.4,15.2,15.7,7.4,3.5,123,207
부산,서구,101216,4009,396.1,1542,986,527,168,211,131,120,46,137,141,38.5,24.6,13.1,4.2,5.3,3.3,3.0,1.1,3.4,3.5,321,35,151,48,107,9,32,5,52,163,252,120,22,108,35.2,15.3,24.9,5.1,2.2,32,61
부산,수영구,168440,10214,606.4,3634,2043,1283,531,868,332,402,138,604,379,35.6,20.0,12.6,5.2,8.5,3.3,3.9,1.4,5.9,3.7,852,71,240,125,357,17,107,14,152,542,493,402,145,385,54.8,28.6,29.3,9.0,8.6,107,148
부산,연제구,211464,10309,487.5,3233,1896,1407,500,1725,354,522,179,95,398,31.4,18.4,13.6,4.9,16.7,3.4,5.1,1.7,0.9,3.9,866,71,250,149,307,22,148,9,168,533,420,522,115,293,44.3,21.6,19.9,7.9,5.4,148,190
부산,영도구,100570,4105,408.2,1583,953,569,138,221,126,106,41,154,214,38.6,23.2,13.9,3.4,5.4,3.1,2.6,1.0,3.8,5.2,344,36,106,22,100,4,36,1,52,304,223,106,25,126,37.8,12.1,22.2,5.2,2.5,36,72
부산,중구,36306,7465,2056.1,2348,2960,642,113,542,151,114,60,206,329,31.5,39.7,8.6,1.5,7.3,2.0,1.5,0.8,2.8,4.4,416,59,174,5,95,7,50,3,64,547,329,114,56,1419,130.8,27.5,90.6,17.6,15.4,50,70
부산,해운대구,370739,17753,478.9,5342,3823,2061,1175,2315,719,833,317,461,707,30.1,21.5,11.6,6.6,13.0,4.1,4.7,1.8,2.6,4.0,1272,112,438,390,660,23,269,25,310,597,784,833,566,1086,37.3,28.3,21.1,8.4,15.3,269,374
서울,강남구,552830,66269,1198.7,12628,9549,4845,6190,20476,1736,3623,3067,790,3365,19.1,14.4,7.3,9.3,30.9,2.6,5.5,4.6,1.2,5.1,3039,257,1532,1989,2877,85,2884,98,930,1227,2123,3623,6592,2362,59.6,88.0,38.4,16.8,119.2,2884,2161
서울,강동구,499011,19748,395.7,5186,4251,2431,1950,1843,919,1095,871,394,808,26.3,21.5,12.3,9.9,9.3,4.7,5.5,4.4,2.0,4.1,1522,109,554,819,1015,36,817,18,390,598,814,1095,329,926,32.7,36.8,16.3,7.8,6.6,817,488
서울,강북구,278041,12604,453.3,3790,2875,1748,750,1063,677,521,472,222,486,30.1,22.8,13.9,6.0,8.4,5.4,4.1,3.7,1.8,3.9,1073,73,330,264,421,18,437,17,216,602,481,521,147,604,41.2,24.6,17.3,7.8,5.3,437,241
서울,강서구,548515,27098,494.0,7173,5179,3370,2237,3991,1198,1259,946,322,1423,26.5,19.1,12.4,8.3,14.7,4.4,4.6,3.5,1.2,5.3,2019,192,717,798,1248,41,877,28,547,882,1112,1259,890,938,40.3,37.3,20.3,10.0,16.2,877,495
서울,관악구,477797,20325,425.4,5825,3921,2593,1533,2116,1131,885,674,850,797,28.7,19.3,12.8,7.5,10.4,5.6,4.4,3.3,4.2,3.9,1507,101,467,499,843,20,635,19,344,878,763,885,365,731,33.7,28.1,16.0,7.2,7.6,635,359
서울,광진구,330905,18877,570.5,5143,4082,2174,1373,2304,957,855,580,539,870,27.2,21.6,11.5,7.3,12.2,5.1,4.5,3.1,2.9,4.6,1326,102,426,427,809,17,541,22,324,617,826,855,392,769,43.2,37.4,25.0,9.8,11.8,541,314
서울,구로구,382633,18559,485.0,4807,4134,1917,1290,3104,853,687,561,273,933,25.9,22.3,10.3,7.0,16.7,4.6,3.7,3.0,1.5,5.0,1098,129,438,419,713,28,522,11,301,639,634,687,814,752,32.1,29.6,16.6,7.9,21.3,522,309
서울,금천구,222503,18353,824.8,3707,3264,1494,841,6176,565,739,360,141,1066,20.2,17.8,8.1,4.6,33.7,3.1,4.0,2.0,0.8,5.8,728,65,331,166,485,18,328,14,219,451,570,739,1722,840,35.6,29.3,25.6,9.8,77.4,328,176
서울,노원구,481053,15686,326.1,4467,3530,1873,1887,1104,917,572,713,125,498,28.5,22.5,11.9,12.0,7.0,5.8,3.6,4.5,0.8,3.2,1213,68,481,907,883,25,671,17,392,448,683,572,132,893,26.6,37.2,14.2,8.1,2.7,671,398
서울,도봉구,298225,10610,355.8,2846,2697,1450,886,918,562,433,365,75,378,26.8,25.4,13.7,8.4,8.7,5.3,4.1,3.4,0.7,3.6,856,70,253,364,465,25,325,15,236,351,389,433,97,667,31.1,27.8,13.0,7.9,3.3,325,176
서울,동대문구,352848,17303,490.4,4847,4585,1934,1205,1456,750,798,583,491,654,28.0,26.5,11.2,7.0,8.4,4.3,4.6,3.4,2.8,3.8,1055,72,484,438,645,26,537,20,284,504,710,798,241,777,31.9,30.7,20.1,8.0,6.8,537,297
서울,동작구,371999,14187,381.4,3931,3015,1602,1357,1314,668,752,571,470,507,27.7,21.3,11.3,9.6,9.3,4.7,5.3,4.0,3.3,3.6,1011,65,332,527,727,16,538,17,238,422,626,752,233,382,28.9,33.7,16.8,6.4,6.3,538,296
서울,마포구,356487,32102,900.5,9337,4802,2855,2609,6123,914,1139,738,1801,1784,29.1,15.0,8.9,8.1,19.1,2.8,3.5,2.3,5.6,5.6,2028,86,534,636,1623,23,685,30,379,1106,1852,1139,1147,1022,59.3,63.4,52.0,10.6,32.2,685,442
서울,서대문구,299810,14152,472.0,4295,2834,1371,1314,1636,526,610,422,522,622,30.3,20.0,9.7,9.3,11.6,3.7,4.3,3.0,3.7,4.4,834,45,299,459,694,19,393,10,211,—,683,610,320,554,29.3,38.5,22.8,7.0,10.7,393,221
서울,서초구,414383,40115,968.1,6808,6446,2553,3733,13522,1094,2071,1540,391,1957,17.0,16.1,6.4,9.3,33.7,2.7,5.2,3.8,1.0,4.9,1376,131,763,1022,1969,38,1434,68,610,542,1288,2071,3110,1624,36.4,72.2,31.1,14.7,75.1,1434,982
서울,성동구,274517,17782,647.8,4600,3242,1744,1191,4071,534,781,442,380,797,25.9,18.2,9.8,6.7,22.9,3.0,4.4,2.5,2.1,4.5,944,42,369,326,712,19,410,13,235,411,770,781,827,765,35.9,37.8,28.0,8.6,30.1,410,255
서울,성북구,421762,15888,376.7,4646,3440,1986,1604,1388,662,745,536,361,520,29.2,21.7,12.5,10.1,8.7,4.2,4.7,3.4,2.3,3.3,1209,63,367,695,802,19,497,20,266,464,847,745,—,760,30.2,35.5,20.1,6.3,—,497,272
서울,송파구,650258,34860,536.1,8364,6761,3579,3040,6569,1603,1689,1212,536,1507,24.0,19.4,10.3,8.7,18.8,4.6,4.8,3.5,1.5,4.3,2163,177,892,1032,1746,50,1118,44,750,850,1347,1689,1444,1649,36.0,42.7,20.7,11.5,22.2,1118,687
서울,양천구,421247,16015,380.2,3854,3368,1987,2388,1460,839,743,683,153,540,24.1,21.0,12.4,14.9,9.1,5.2,4.6,4.3,1.0,3.4,1243,74,356,1290,977,19,635,29,342,412,611,743,229,741,31.3,53.8,14.5,8.1,5.4,635,335
서울,영등포구,371867,29425,791.3,7861,5383,2445,1804,6604,1167,1146,814,475,1726,26.7,18.3,8.3,6.1,22.4,4.0,3.9,2.8,1.6,5.9,1294,176,617,413,1119,34,753,27,448,922,1188,1146,2351,1317,39.5,41.2,31.9,12.0,63.2,753,440
서울,용산구,199648,16301,816.5,5173,3880,1170,886,2426,342,790,294,741,599,31.7,23.8,7.2,5.4,14.9,2.1,4.8,1.8,4.5,3.7,652,47,272,174,597,4,284,6,174,631,—,790,599,1065,35.0,38.6,—,8.7,30.0,284,173
서울,은평구,453212,16363,361.0,4587,3570,2138,1507,1424,712,945,672,229,579,28.0,21.8,13.1,9.2,8.7,4.4,5.8,4.1,1.4,3.5,1351,74,438,604,809,25,626,21,261,587,638,945,217,740,31.4,31.2,14.1,5.8,4.8,626,344
서울,종로구,136318,21616,1585.7,6713,5494,1123,1083,3205,487,542,469,1040,1460,31.1,25.4,5.2,5.0,14.8,2.3,2.5,2.2,4.8,6.8,475,68,368,174,663,16,431,22,218,862,1248,542,731,1406,39.8,61.4,91.6,16.0,53.6,431,206
서울,중구,117558,24801,2109.7,6256,7531,1168,609,4953,438,624,567,897,1758,25.2,30.4,4.7,2.5,20.0,1.8,2.5,2.3,3.6,7.1,593,79,547,75,379,15,537,15,216,628,1133,624,770,3407,57.2,38.6,96.4,18.4,65.5,537,322
서울,중랑구,376386,15052,399.9,4282,3473,2166,948,1302,810,670,548,191,662,28.4,23.1,14.4,6.3,8.7,5.4,4.5,3.6,1.3,4.4,1278,61,381,335,535,27,508,13,258,626,540,670,189,608,35.6,23.1,14.3,6.9,5.0,508,279
세종,세종시,390923,15816,404.6,5034,3072,1644,1623,1489,766,1105,234,123,726,31.8,19.4,10.4,10.3,9.4,4.8,7.0,1.5,0.8,4.6,928,97,297,604,906,17,201,16,309,310,855,1105,357,482,26.2,38.6,21.9,7.9,9.1,201,234
울산,남구,304337,20277,666.3,6822,4481,2932,1144,1751,848,827,266,359,847,33.6,22.1,14.5,5.6,8.6,4.2,4.1,1.3,1.8,4.2,1843,184,549,394,672,30,210,26,402,1221,866,827,175,1134,66.6,35.0,28.5,13.2,5.8,210,298
울산,동구,147756,6262,423.8,2618,1510,849,289,226,338,129,41,101,161,41.8,24.1,13.6,4.6,3.6,5.4,2.1,0.7,1.6,2.6,559,44,166,111,170,5,34,2,135,377,297,129,24,301,40.8,19.0,20.1,9.1,1.6,34,88
울산,북구,213685,8005,374.6,2981,1757,1229,564,361,450,263,69,123,208,37.2,21.9,15.4,7.0,4.5,5.6,3.3,0.9,1.5,2.6,696,50,141,217,336,10,46,13,230,251,384,263,44,369,34.9,25.9,18.0,10.8,2.1,46,81
울산,울주군,218285,10504,481.2,4119,2287,1231,471,548,476,375,67,385,545,39.2,21.8,11.7,4.5,5.2,4.5,3.6,0.6,3.7,5.2,624,90,182,154,283,15,42,10,195,383,587,375,96,283,32.7,20.0,26.9,8.9,4.4,42,79
울산,중구,203026,9689,477.2,3196,2556,1427,556,684,437,286,75,113,359,33.0,26.4,14.7,5.7,7.1,4.5,3.0,0.8,1.2,3.7,903,67,211,168,351,10,61,4,168,407,419,286,53,644,47.8,25.6,20.6,8.3,2.6,61,108
인천,강화군,69681,5466,784.4,1743,1423,384,184,255,135,274,62,880,126,31.9,26.0,7.0,3.4,4.7,2.5,5.0,1.1,16.1,2.3,180,18,71,56,109,6,52,4,42,84,342,274,50,127,28.4,23.7,49.1,6.0,7.2,52,20
인천,계양구,276309,11085,401.2,3250,2544,1607,770,847,710,424,371,119,443,29.3,22.9,14.5,6.9,7.6,6.4,3.8,3.3,1.1,4.0,926,71,255,266,456,26,335,10,284,458,428,424,96,382,36.1,26.1,15.5,10.3,3.5,335,169
인천,남동구,479149,23034,480.7,6926,5444,3091,1648,1996,1265,812,777,153,922,30.1,23.6,13.4,7.2,8.7,5.5,3.5,3.4,0.7,4.0,1782,174,523,655,890,45,694,38,487,837,975,812,232,805,40.8,32.2,20.3,10.2,4.8,694,371
인천,동구,57926,—,—,—,—,—,—,—,—,—,—,—,—,—,—,—,—,—,—,—,—,—,—,—,—,—,—,—,—,—,—,—,—,—,—,—,—,—,—,—,—,—,—,42
인천,미추홀구,418211,18885,451.6,5699,4724,2553,1055,1648,951,729,507,318,701,30.2,25.0,13.5,5.6,8.7,5.0,3.9,2.7,1.7,3.7,1474,114,431,357,635,43,443,21,313,898,713,729,160,1055,38.0,23.7,17.0,7.5,3.8,443,248
인천,부평구,488191,21155,433.3,5949,5421,2913,1419,1761,1119,789,652,244,888,28.1,25.6,13.8,6.7,8.3,5.3,3.7,3.1,1.2,4.2,1791,124,533,464,850,28,599,25,400,896,839,789,308,1349,39.2,26.9,17.2,8.2,6.3,599,348
인천,서구,662875,—,—,—,—,—,—,—,—,—,—,—,—,—,—,—,—,—,—,—,—,—,—,—,—,—,—,—,—,—,—,—,—,—,—,—,—,—,—,—,—,—,—,343
인천,연수구,410290,17061,415.8,5105,3119,1805,1748,2265,907,751,495,161,705,29.9,18.3,10.6,10.2,13.3,5.3,4.4,2.9,0.9,4.1,1109,104,307,722,854,24,445,26,377,533,720,751,799,711,29.6,38.4,17.5,9.2,19.5,445,274
인천,옹진군,19340,1818,940.0,599,301,69,22,41,59,42,4,617,64,32.9,16.6,3.8,1.2,2.3,3.2,2.3,0.2,33.9,3.5,29,3,6,9,10,1,3,0,13,46,77,42,7,4,16.5,9.8,39.8,6.7,3.6,3,3
인천,중구,179030,—,—,—,—,—,—,—,—,—,—,—,—,—,—,—,—,—,—,—,—,—,—,—,—,—,—,—,—,—,—,—,—,—,—,—,—,—,—,—,—,—,—,71
전남,강진군,31666,—,—,—,—,—,—,—,—,—,—,—,—,—,—,—,—,—,—,—,—,—,—,—,—,—,—,—,—,—,—,—,—,—,—,—,—,—,—,—,—,—,—,19
전남,고흥군,58976,—,—,—,—,—,—,—,—,—,—,—,—,—,—,—,—,—,—,—,—,—,—,—,—,—,—,—,—,—,—,—,—,—,—,—,—,—,—,—,—,—,—,31
전남,곡성군,27657,—,—,—,—,—,—,—,—,—,—,—,—,—,—,—,—,—,—,—,—,—,—,—,—,—,—,—,—,—,—,—,—,—,—,—,—,—,—,—,—,—,—,13
전남,광양시,155975,—,—,—,—,—,—,—,—,—,—,—,—,—,—,—,—,—,—,—,—,—,—,—,—,—,—,—,—,—,—,—,—,—,—,—,—,—,—,—,—,—,—,59
전남,구례군,24337,—,—,—,—,—,—,—,—,—,—,—,—,—,—,—,—,—,—,—,—,—,—,—,—,—,—,—,—,—,—,—,—,—,—,—,—,—,—,—,—,—,—,11
전남,나주시,116691,—,—,—,—,—,—,—,—,—,—,—,—,—,—,—,—,—,—,—,—,—,—,—,—,—,—,—,—,—,—,—,—,—,—,—,—,—,—,—,—,—,—,66
전남,담양군,44031,—,—,—,—,—,—,—,—,—,—,—,—,—,—,—,—,—,—,—,—,—,—,—,—,—,—,—,—,—,—,—,—,—,—,—,—,—,—,—,—,—,—,25
전남,목포시,199524,—,—,—,—,—,—,—,—,—,—,—,—,—,—,—,—,—,—,—,—,—,—,—,—,—,—,—,—,—,—,—,—,—,—,—,—,—,—,—,—,—,—,131
전남,무안군,95659,—,—,—,—,—,—,—,—,—,—,—,—,—,—,—,—,—,—,—,—,—,—,—,—,—,—,—,—,—,—,—,—,—,—,—,—,—,—,—,—,—,—,49
전남,보성군,37559,—,—,—,—,—,—,—,—,—,—,—,—,—,—,—,—,—,—,—,—,—,—,—,—,—,—,—,—,—,—,—,—,—,—,—,—,—,—,—,—,—,—,20
전남,순천시,274131,—,—,—,—,—,—,—,—,—,—,—,—,—,—,—,—,—,—,—,—,—,—,—,—,—,—,—,—,—,—,—,—,—,—,—,—,—,—,—,—,—,—,145
전남,신안군,42319,—,—,—,—,—,—,—,—,—,—,—,—,—,—,—,—,—,—,—,—,—,—,—,—,—,—,—,—,—,—,—,—,—,—,—,—,—,—,—,—,—,—,11
전남,여수시,260502,—,—,—,—,—,—,—,—,—,—,—,—,—,—,—,—,—,—,—,—,—,—,—,—,—,—,—,—,—,—,—,—,—,—,—,—,—,—,—,—,—,—,156
전남,영광군,53902,—,—,—,—,—,—,—,—,—,—,—,—,—,—,—,—,—,—,—,—,—,—,—,—,—,—,—,—,—,—,—,—,—,—,—,—,—,—,—,—,—,—,35
전남,영암군,50076,—,—,—,—,—,—,—,—,—,—,—,—,—,—,—,—,—,—,—,—,—,—,—,—,—,—,—,—,—,—,—,—,—,—,—,—,—,—,—,—,—,—,24
전남,완도군,44175,—,—,—,—,—,—,—,—,—,—,—,—,—,—,—,—,—,—,—,—,—,—,—,—,—,—,—,—,—,—,—,—,—,—,—,—,—,—,—,—,—,—,21
전남,장성군,43095,—,—,—,—,—,—,—,—,—,—,—,—,—,—,—,—,—,—,—,—,—,—,—,—,—,—,—,—,—,—,—,—,—,—,—,—,—,—,—,—,—,—,16
전남,장흥군,33952,—,—,—,—,—,—,—,—,—,—,—,—,—,—,—,—,—,—,—,—,—,—,—,—,—,—,—,—,—,—,—,—,—,—,—,—,—,—,—,—,—,—,24
전남,진도군,27882,—,—,—,—,—,—,—,—,—,—,—,—,—,—,—,—,—,—,—,—,—,—,—,—,—,—,—,—,—,—,—,—,—,—,—,—,—,—,—,—,—,—,16
전남,함평군,29601,—,—,—,—,—,—,—,—,—,—,—,—,—,—,—,—,—,—,—,—,—,—,—,—,—,—,—,—,—,—,—,—,—,—,—,—,—,—,—,—,—,—,13
전남,해남군,62027,—,—,—,—,—,—,—,—,—,—,—,—,—,—,—,—,—,—,—,—,—,—,—,—,—,—,—,—,—,—,—,—,—,—,—,—,—,—,—,—,—,—,40
전남,화순군,59909,—,—,—,—,—,—,—,—,—,—,—,—,—,—,—,—,—,—,—,—,—,—,—,—,—,—,—,—,—,—,—,—,—,—,—,—,—,—,—,—,—,—,32
전북,고창군,50071,2677,534.6,895,849,295,97,135,91,43,20,152,100,33.4,31.7,11.0,3.6,5.0,3.4,1.6,0.7,5.7,3.7,161,8,51,18,66,5,10,5,36,72,112,43,19,87,33.8,16.8,22.4,7.2,3.8,10,27
전북,군산시,255591,15060,589.2,5058,4349,1937,575,859,600,518,129,394,641,33.6,28.9,12.9,3.8,5.7,4.0,3.4,0.9,2.6,4.3,1101,108,354,173,365,21,98,10,237,658,709,518,144,800,47.3,21.0,27.7,9.3,5.6,98,168
전북,김제시,81631,4034,494.2,1307,1348,491,156,217,146,85,24,84,176,32.4,33.4,12.2,3.9,5.4,3.6,2.1,0.6,2.1,4.4,228,15,98,28,108,6,15,3,64,90,187,85,29,235,29.8,16.7,22.9,7.8,3.6,15,51
전북,남원시,73812,4699,636.6,1600,1551,567,133,246,152,60,28,213,149,34.0,33.0,12.1,2.8,5.2,3.2,1.3,0.6,4.5,3.2,294,41,109,29,96,5,17,6,58,151,251,60,43,257,45.4,16.9,34.0,7.9,5.8,17,57
전북,무주군,23326,1727,740.4,557,456,124,42,67,73,18,5,245,140,32.3,26.4,7.2,2.4,3.9,4.2,1.0,0.3,14.2,8.1,67,5,22,10,29,2,3,0,24,56,78,18,7,44,30.9,16.7,33.4,10.3,3.0,3,9
전북,부안군,46946,3217,685.3,1106,1016,305,80,136,109,75,13,299,78,34.4,31.6,9.5,2.5,4.2,3.4,2.3,0.4,9.3,2.4,141,19,65,21,47,3,9,1,43,110,142,75,15,119,34.1,14.5,30.2,9.2,3.2,9,24
전북,순창군,27584,1276,462.6,439,422,123,38,74,49,11,11,75,34,34.4,33.1,9.6,3.0,5.8,3.8,0.9,0.9,5.9,2.7,67,3,27,7,24,3,6,2,11,28,62,11,9,49,25.4,11.2,22.5,4.0,3.3,6,15
전북,완주군,100102,5086,508.1,1817,1375,455,291,344,163,135,41,224,241,35.7,27.0,8.9,5.7,6.8,3.2,2.7,0.8,4.4,4.7,202,25,98,80,174,9,31,1,80,118,307,135,76,103,22.7,25.4,30.7,8.0,7.6,31,54
전북,익산시,266758,14002,524.9,4434,4267,2014,543,805,650,381,119,241,548,31.7,30.5,14.4,3.9,5.7,4.6,2.7,0.8,1.7,3.9,1106,81,417,147,335,23,76,20,249,539,666,381,111,775,44.5,18.1,25.0,9.3,4.2,76,179
전북,임실군,25342,1213,478.7,446,372,130,28,66,46,11,5,47,62,36.8,30.7,10.7,2.3,5.4,3.8,0.9,0.4,3.9,5.1,56,5,25,5,16,2,3,0,13,22,67,11,9,27,24.1,8.3,26.4,5.1,3.6,3,14
전북,장수군,21169,999,471.9,360,295,116,38,56,40,13,4,51,26,36.0,29.5,11.6,3.8,5.6,4.0,1.3,0.4,5.1,2.6,63,4,17,—,23,1,3,0,12,37,45,13,8,28,31.7,—,21.3,5.7,3.8,3,7
전북,전주덕진구,307345,16908,550.1,4846,4124,2476,1116,1554,806,787,155,304,740,28.7,24.4,14.6,6.6,9.2,4.8,4.7,0.9,1.8,4.4,1272,85,434,387,639,19,121,15,364,542,822,787,—,604,44.2,33.4,26.7,11.8,—,121,234
전북,전주완산구,313529,21209,676.5,6003,5891,2750,1181,1919,885,780,277,652,871,28.3,27.8,13.0,5.6,9.0,4.2,3.7,1.3,3.1,4.1,1757,120,670,351,719,22,221,34,345,689,1114,780,243,1611,59.9,34.1,35.5,11.0,7.8,221,302
전북,정읍시,100738,5400,536.0,1735,1657,800,215,298,184,90,41,156,224,32.1,30.7,14.8,4.0,5.5,3.4,1.7,0.8,2.9,4.1,390,44,138,44,154,6,29,6,79,197,250,90,37,285,43.1,19.7,24.8,7.8,3.7,29,74
전북,진안군,24689,1242,503.1,403,415,110,39,87,20,13,6,109,40,32.4,33.4,8.9,3.1,7.0,1.6,1.0,0.5,8.8,3.2,49,2,18,—,24,2,4,0,6,17,59,13,8,32,20.7,—,23.9,2.4,3.2,4,10
제주,서귀포시,178669,16679,933.5,6074,3479,1267,830,1047,507,414,85,2474,502,36.4,20.9,7.6,5.0,6.3,3.0,2.5,0.5,14.8,3.0,682,79,211,242,542,4,71,10,204,795,984,414,240,516,42.6,43.9,55.1,11.4,13.4,71,126
제주,제주시,484123,42330,874.4,13672,8851,3844,2015,3182,1386,1340,289,5051,2700,32.3,20.9,9.1,4.8,7.5,3.3,3.2,0.7,11.9,6.4,2186,226,785,595,1273,19,241,29,664,1904,2064,1340,353,1784,49.8,38.6,42.6,13.7,7.3,241,382
충남,계룡시,45959,1810,393.8,616,415,215,188,106,90,44,50,29,57,34.0,22.9,11.9,10.4,5.9,5.0,2.4,2.8,1.6,3.1,114,14,40,74,109,2,46,2,40,51,86,44,18,68,27.9,39.8,18.7,8.7,3.9,46,23
충남,공주시,99757,6861,687.8,2404,1842,680,310,410,231,170,137,384,293,35.0,26.8,9.9,4.5,6.0,3.4,2.5,2.0,5.6,4.3,306,38,110,95,186,14,119,4,77,199,438,170,41,253,34.5,28.2,43.9,7.7,4.1,119,63
충남,금산군,48939,3683,752.6,1012,1634,307,119,140,87,64,68,142,110,27.5,44.4,8.3,3.2,3.8,2.4,1.7,1.8,3.9,3.0,150,22,66,34,75,3,57,8,25,47,119,64,15,99,35.1,22.3,24.3,5.1,3.1,57,35
충남,논산시,105977,7221,681.4,2164,2306,901,346,333,281,151,161,234,344,30.0,31.9,12.5,4.8,4.6,3.9,2.1,2.2,3.2,4.8,424,45,159,103,223,15,138,8,105,198,310,151,31,321,44.3,30.8,29.3,9.9,2.9,138,73
충남,당진시,172400,9921,575.5,3496,2534,1241,556,483,487,303,171,189,461,35.2,25.5,12.5,5.6,4.9,4.9,3.1,1.7,1.9,4.6,638,87,185,213,310,17,142,12,179,344,386,303,66,380,42.1,30.3,22.4,10.4,3.8,142,85
충남,보령시,91260,6950,761.6,2359,1934,656,309,308,320,110,117,636,201,33.9,27.8,9.4,4.4,4.4,4.6,1.6,1.7,9.2,2.9,338,39,123,99,197,8,103,6,96,231,288,110,23,251,41.3,32.4,31.6,10.5,2.5,103,58
충남,부여군,57762,3375,584.3,1067,1149,365,140,152,91,43,68,141,159,31.6,34.0,10.8,4.1,4.5,2.7,1.3,2.0,4.2,4.7,178,8,67,33,100,7,60,1,28,121,157,43,11,233,32.2,23.0,27.2,4.8,1.9,60,29
충남,서산시,171136,9436,551.4,3435,2449,1269,332,489,376,300,75,303,408,36.4,26.0,13.4,3.5,5.2,4.0,3.2,0.8,3.2,4.3,682,62,191,91,225,4,64,7,148,391,418,300,56,469,43.5,18.5,24.4,8.6,3.3,64,85
충남,서천군,46761,3223,689.2,965,1082,334,138,133,131,63,63,180,134,29.9,33.6,10.4,4.3,4.1,4.1,2.0,2.0,5.6,4.2,137,18,55,45,83,6,55,2,36,94,130,63,18,108,33.1,27.4,27.8,7.7,3.8,55,28
충남,아산시,363678,16826,462.7,5832,3905,2076,779,1434,719,762,160,311,848,34.7,23.2,12.3,4.6,8.5,4.3,4.5,1.0,1.8,5.0,1103,119,266,240,493,18,126,16,321,648,733,762,428,628,33.6,20.2,20.2,8.8,11.8,126,168
충남,예산군,78318,4890,624.4,1702,1399,555,184,264,207,107,88,187,197,34.8,28.6,11.3,3.8,5.4,4.2,2.2,1.8,3.8,4.0,262,34,95,57,115,3,80,5,66,168,265,107,27,174,37.8,22.0,33.8,8.4,3.4,80,39
충남,천안동남구,263653,15133,574.0,4505,3905,1917,894,1330,627,548,311,350,746,29.8,25.8,12.7,5.9,8.8,4.1,3.6,2.1,2.3,4.9,906,66,312,261,569,20,271,20,252,378,682,548,170,721,36.9,31.5,25.9,9.6,6.4,271,140
충남,천안서북구,402529,22116,549.4,6771,4718,3100,1759,1823,1049,967,528,220,1181,30.6,21.3,14.0,8.0,8.2,4.7,4.4,2.4,1.0,5.3,1825,176,487,710,941,45,440,43,440,849,786,967,406,871,49.7,41.0,19.5,10.9,10.1,440,241
충남,청양군,30051,1733,576.7,624,597,166,47,81,69,26,24,48,51,36.0,34.4,9.6,2.7,4.7,4.0,1.5,1.4,2.8,2.9,81,8,37,7,34,3,20,1,17,55,85,26,12,46,29.6,13.6,28.3,5.7,4.0,20,9
충남,태안군,59039,5318,900.8,1506,1316,352,83,164,207,86,14,1447,143,28.3,24.7,6.6,1.6,3.1,3.9,1.6,0.3,27.2,2.7,176,23,68,—,64,4,9,1,48,131,182,86,25,147,33.7,—,30.8,8.1,4.2,9,27
충남,홍성군,101566,6093,599.9,2018,1788,760,318,338,231,138,114,127,261,33.1,29.3,12.5,5.2,5.5,3.8,2.3,1.9,2.1,4.3,382,49,103,98,201,9,95,10,—,196,272,138,28,246,42.4,29.4,26.8,—,2.8,95,51
충북,괴산군,37415,2103,562.1,786,556,130,61,111,52,51,12,260,84,37.4,26.4,6.2,2.9,5.3,2.5,2.4,0.6,12.4,4.0,63,3,24,8,41,3,8,1,11,48,103,51,9,39,17.6,13.1,27.5,2.9,2.4,8,8
충북,단양군,26628,2210,830.0,783,555,158,67,68,85,30,22,373,69,35.4,25.1,7.1,3.0,3.1,3.8,1.4,1.0,16.9,3.1,70,3,27,24,41,2,17,3,34,79,114,30,3,40,27.4,24.4,42.8,12.8,1.1,17,7
충북,보은군,31181,1966,630.5,682,594,174,66,84,69,29,32,152,84,34.7,30.2,8.9,3.4,4.3,3.5,1.5,1.6,7.7,4.3,88,5,29,20,43,6,26,0,21,53,88,29,7,65,29.8,20.2,28.2,6.7,2.2,26,13
충북,영동군,43011,2580,599.8,908,816,271,105,109,88,38,53,123,69,35.2,31.6,10.5,4.1,4.2,3.4,1.5,2.1,4.8,2.7,143,9,54,36,59,4,46,3,34,74,163,38,8,96,35.3,22.1,37.9,7.9,1.9,46,26
충북,옥천군,50547,2878,569.4,996,910,294,101,137,103,43,59,132,103,34.6,31.6,10.2,3.5,4.8,3.6,1.5,2.1,4.6,3.6,134,8,56,24,67,4,52,3,37,69,144,43,20,112,28.1,18.0,28.5,7.3,4.0,52,28
충북,음성군,95954,6817,710.4,2365,1657,733,188,656,301,246,105,118,448,34.7,24.3,10.8,2.8,9.6,4.4,3.6,1.5,1.7,6.6,323,39,100,49,124,8,90,7,136,280,263,246,229,165,37.7,18.0,27.4,14.2,23.9,90,45
충북,제천시,128192,8611,671.7,2900,2297,1118,445,386,373,162,184,455,291,33.7,26.7,13.0,5.2,4.5,4.3,1.9,2.1,5.3,3.4,570,55,142,151,274,10,160,14,164,352,400,162,33,409,48.8,33.2,31.2,12.8,2.6,160,81
충북,증평군,36741,2084,567.2,800,566,310,65,75,93,43,19,33,80,38.4,27.2,14.9,3.1,3.6,4.5,2.1,0.9,1.6,3.8,163,15,51,14,42,3,11,5,35,106,91,43,12,110,48.4,15.2,24.8,9.5,3.3,11,21
충북,진천군,85569,4962,579.9,1947,1185,513,240,205,207,145,90,109,321,39.2,23.9,10.3,4.8,4.1,4.2,2.9,1.8,2.2,6.5,271,24,87,86,147,6,81,3,96,221,255,145,29,161,34.5,27.2,29.8,11.2,3.4,81,42
충북,청주상당구,193079,10706,554.5,3395,2954,1386,579,819,472,315,134,198,454,31.7,27.6,12.9,5.4,7.6,4.4,2.9,1.3,1.8,4.2,859,46,247,180,351,10,116,8,167,303,528,315,101,764,46.9,27.5,27.3,8.6,5.2,116,134
충북,청주서원구,187779,9975,531.2,2818,2466,1401,817,838,479,343,233,76,504,28.3,24.7,14.0,8.2,8.4,4.8,3.4,2.3,0.8,5.1,741,35,230,324,447,18,—,10,204,247,421,343,105,376,41.3,41.1,22.4,10.9,5.6,—,112
충북,청주청원구,186088,9838,528.7,3414,2225,1391,482,731,557,314,82,125,517,34.7,22.6,14.1,4.9,7.4,5.7,3.2,0.8,1.3,5.3,689,78,205,142,291,9,66,7,270,361,415,314,117,318,41.2,23.3,22.3,14.5,6.3,66,98
충북,청주흥덕구,292625,15887,542.9,4933,3716,2112,1214,1078,843,688,381,168,754,31.1,23.4,13.3,7.6,6.8,5.3,4.3,2.4,1.1,4.7,1253,107,322,456,693,22,347,12,323,459,623,688,232,849,46.5,39.3,21.3,11.0,7.9,347,194
충북,충주시,205978,13114,636.7,4628,3332,1598,794,663,580,364,249,368,538,35.3,25.4,12.2,6.1,5.1,4.4,2.8,1.9,2.8,4.1,872,67,224,293,463,15,218,16,248,523,602,364,79,587,45.6,36.7,29.2,12.0,3.8,218,125
