id,category,badge_label,korean_term,english_term,acronym,short_definition,detailed_definition,example,related_terms,source_1_name,source_1_url,source_2_name,source_2_url,verification_note,confidence,audit_status
SEO-001,검색 기본,SEO,검색엔진최적화,Search Engine Optimization,SEO,검색엔진이 콘텐츠를 이해하고 사용자가 찾게 만드는 최적화 활동.,"검색엔진이 콘텐츠를 이해하고 사용자가 찾게 만드는 최적화 활동. 실무에서는 검색 기본 맥락에서 검색엔진, 답변 엔진, 생성형 검색 시스템이 콘텐츠를 발견·이해·표시하는 방식과 연결해 관리한다.",사이트 구조와 콘텐츠를 개선해 자연 검색 노출을 높임.,검색엔진;크롤링;색인,Google Search Central - SEO Starter Guide,https://developers.google.com/search/docs/fundamentals/seo-starter-guide,Google Search Central - Search Essentials,https://developers.google.com/search/docs/essentials,"공식 검색엔진 문서와 구조화 데이터/분석 문서의 정의와 적용 맥락을 대조했고, 카드 표시용으로 한국어 설명을 압축함.",high,verified
SEO-002,검색 기본,SEO,검색엔진 결과 페이지,Search Engine Results Page,SERP,사용자 검색 후 검색엔진이 결과와 기능을 보여주는 화면.,"사용자 검색 후 검색엔진이 결과와 기능을 보여주는 화면. 실무에서는 검색 기본 맥락에서 검색엔진, 답변 엔진, 생성형 검색 시스템이 콘텐츠를 발견·이해·표시하는 방식과 연결해 관리한다.","파란 링크, 광고, 이미지, AI Overview가 함께 표시됨.",스니펫;리치 결과;AI Overview,Google Search Central - SEO Starter Guide,https://developers.google.com/search/docs/fundamentals/seo-starter-guide,Google Search Central - Snippets,https://developers.google.com/search/docs/appearance/snippet,"공식 검색엔진 문서와 구조화 데이터/분석 문서의 정의와 적용 맥락을 대조했고, 카드 표시용으로 한국어 설명을 압축함.",high,verified
SEO-003,검색 기본,SEO,자연 검색,Organic Search,,광고가 아닌 검색 결과를 통해 발생하는 발견과 방문.,"광고가 아닌 검색 결과를 통해 발생하는 발견과 방문. 실무에서는 검색 기본 맥락에서 검색엔진, 답변 엔진, 생성형 검색 시스템이 콘텐츠를 발견·이해·표시하는 방식과 연결해 관리한다.",블로그 글이 광고 없이 검색 결과에서 클릭됨.,SEO;검색 트래픽;SERP,Google Search Central - SEO Starter Guide,https://developers.google.com/search/docs/fundamentals/seo-starter-guide,Google Search Console Help,https://support.google.com/webmasters/answer/9128668,"공식 검색엔진 문서와 구조화 데이터/분석 문서의 정의와 적용 맥락을 대조했고, 카드 표시용으로 한국어 설명을 압축함.",high,verified
SEO-004,검색 기본,SEO,검색 쿼리,Search Query,,사용자가 검색창이나 AI 검색에 입력하는 단어와 문장.,"사용자가 검색창이나 AI 검색에 입력하는 단어와 문장. 실무에서는 검색 기본 맥락에서 검색엔진, 답변 엔진, 생성형 검색 시스템이 콘텐츠를 발견·이해·표시하는 방식과 연결해 관리한다.",반품 기간이 얼마나 걸려요라고 검색.,키워드;검색 의도;대화형 쿼리,Google Search Console Help,https://support.google.com/webmasters/answer/9128668,Google Search Central - Optimizing for Generative AI Search,https://developers.google.com/search/docs/fundamentals/ai-optimization-guide,"공식 검색엔진 문서와 구조화 데이터/분석 문서의 정의와 적용 맥락을 대조했고, 카드 표시용으로 한국어 설명을 압축함.",high,verified
SEO-005,검색 기본,SEO,키워드,Keyword,,사용자가 정보를 찾을 때 쓰는 핵심 단어나 구문.,"사용자가 정보를 찾을 때 쓰는 핵심 단어나 구문. 실무에서는 검색 기본 맥락에서 검색엔진, 답변 엔진, 생성형 검색 시스템이 콘텐츠를 발견·이해·표시하는 방식과 연결해 관리한다.","러닝화 추천, 세금 신고 방법.",키워드 리서치;롱테일 키워드;검색 의도,Google Search Central - Search Essentials,https://developers.google.com/search/docs/essentials,Google Search Central - SEO Starter Guide,https://developers.google.com/search/docs/fundamentals/seo-starter-guide,"공식 검색엔진 문서와 구조화 데이터/분석 문서의 정의와 적용 맥락을 대조했고, 카드 표시용으로 한국어 설명을 압축함.",high,verified
SEO-006,검색 기본,SEO,롱테일 키워드,Long-tail Keyword,,구체적이고 길어 의도가 뚜렷한 검색어.,"구체적이고 길어 의도가 뚜렷한 검색어. 실무에서는 검색 기본 맥락에서 검색엔진, 답변 엔진, 생성형 검색 시스템이 콘텐츠를 발견·이해·표시하는 방식과 연결해 관리한다.",초보자용 무릎 보호 러닝화 추천.,헤드 키워드;전환;검색 의도,Google Search Central - SEO Starter Guide,https://developers.google.com/search/docs/fundamentals/seo-starter-guide,Google Search Console Help,https://support.google.com/webmasters/answer/9128668,"공식 검색엔진 문서와 구조화 데이터/분석 문서의 정의와 적용 맥락을 대조했고, 카드 표시용으로 한국어 설명을 압축함.",high,verified
SEO-007,콘텐츠 전략,SEO,키워드 리서치,Keyword Research,,사용자 수요와 표현을 파악해 콘텐츠 주제를 정하는 조사.,"사용자 수요와 표현을 파악해 콘텐츠 주제를 정하는 조사. 실무에서는 콘텐츠 전략 맥락에서 검색엔진, 답변 엔진, 생성형 검색 시스템이 콘텐츠를 발견·이해·표시하는 방식과 연결해 관리한다.",Search Console 쿼리로 새 가이드 주제 선정.,검색 쿼리;검색량;콘텐츠 갭,Google Search Console Help,https://support.google.com/webmasters/answer/9128668,Google Search Central - SEO Starter Guide,https://developers.google.com/search/docs/fundamentals/seo-starter-guide,"공식 검색엔진 문서와 구조화 데이터/분석 문서의 정의와 적용 맥락을 대조했고, 카드 표시용으로 한국어 설명을 압축함.",high,verified
SEO-008,콘텐츠 전략,SEO,검색 의도,Search Intent,,사용자가 검색으로 실제 해결하려는 목적.,"사용자가 검색으로 실제 해결하려는 목적. 실무에서는 콘텐츠 전략 맥락에서 검색엔진, 답변 엔진, 생성형 검색 시스템이 콘텐츠를 발견·이해·표시하는 방식과 연결해 관리한다.","가격 비교, 사용법 확인, 구매 페이지 찾기.",정보형 의도;거래형 의도;AEO,"Google Search Central - Helpful, Reliable, People-first Content",https://developers.google.com/search/docs/fundamentals/creating-helpful-content,Google Search Central - Optimizing for Generative AI Search,https://developers.google.com/search/docs/fundamentals/ai-optimization-guide,"공식 검색엔진 문서와 구조화 데이터/분석 문서의 정의와 적용 맥락을 대조했고, 카드 표시용으로 한국어 설명을 압축함.",high,verified
SEO-009,콘텐츠 전략,SEO,정보형 의도,Informational Intent,,"지식, 설명, 방법을 얻으려는 검색 목적.","지식, 설명, 방법을 얻으려는 검색 목적. 실무에서는 콘텐츠 전략 맥락에서 검색엔진, 답변 엔진, 생성형 검색 시스템이 콘텐츠를 발견·이해·표시하는 방식과 연결해 관리한다.",robots.txt가 뭐야를 검색.,AEO;답변형 콘텐츠;검색 의도,"Google Search Central - Helpful, Reliable, People-first Content",https://developers.google.com/search/docs/fundamentals/creating-helpful-content,Google Search Central - Optimizing for Generative AI Search,https://developers.google.com/search/docs/fundamentals/ai-optimization-guide,"공식 검색엔진 문서와 구조화 데이터/분석 문서의 정의와 적용 맥락을 대조했고, 카드 표시용으로 한국어 설명을 압축함.",high,verified
SEO-010,콘텐츠 전략,SEO,탐색형 의도,Navigational Intent,,특정 사이트나 브랜드 페이지로 이동하려는 검색 목적.,"특정 사이트나 브랜드 페이지로 이동하려는 검색 목적. 실무에서는 콘텐츠 전략 맥락에서 검색엔진, 답변 엔진, 생성형 검색 시스템이 콘텐츠를 발견·이해·표시하는 방식과 연결해 관리한다.",Google Search Console 로그인 검색.,브랜드 검색;사이트링크;검색 의도,Google Search Central - SEO Starter Guide,https://developers.google.com/search/docs/fundamentals/seo-starter-guide,Google Search Central - Snippets,https://developers.google.com/search/docs/appearance/snippet,"공식 검색엔진 문서와 구조화 데이터/분석 문서의 정의와 적용 맥락을 대조했고, 카드 표시용으로 한국어 설명을 압축함.",high,verified
SEO-011,콘텐츠 전략,SEO,거래형 의도,Transactional Intent,,"구매, 예약, 가입처럼 행동을 완료하려는 검색 목적.","구매, 예약, 가입처럼 행동을 완료하려는 검색 목적. 실무에서는 콘텐츠 전략 맥락에서 검색엔진, 답변 엔진, 생성형 검색 시스템이 콘텐츠를 발견·이해·표시하는 방식과 연결해 관리한다.",노트북 할인 구매 검색.,전환;제품 구조화 데이터;상업 조사,Google Search Central - SEO Starter Guide,https://developers.google.com/search/docs/fundamentals/seo-starter-guide,Google Analytics Help - Google Analytics,https://support.google.com/analytics/answer/10089681,"공식 검색엔진 문서와 구조화 데이터/분석 문서의 정의와 적용 맥락을 대조했고, 카드 표시용으로 한국어 설명을 압축함.",high,verified
SEO-012,콘텐츠 전략,SEO,상업 조사 의도,Commercial Investigation Intent,,구매 전 비교와 평가를 하려는 검색 목적.,"구매 전 비교와 평가를 하려는 검색 목적. 실무에서는 콘텐츠 전략 맥락에서 검색엔진, 답변 엔진, 생성형 검색 시스템이 콘텐츠를 발견·이해·표시하는 방식과 연결해 관리한다.",A 제품 B 제품 비교 후기 검색.,리뷰;제품 스니펫;검색 의도,"Google Search Central - Helpful, Reliable, People-first Content",https://developers.google.com/search/docs/fundamentals/creating-helpful-content,Google Search Central - Structured Data,https://developers.google.com/search/docs/appearance/structured-data/intro-structured-data,"공식 검색엔진 문서와 구조화 데이터/분석 문서의 정의와 적용 맥락을 대조했고, 카드 표시용으로 한국어 설명을 압축함.",high,verified
SEO-013,콘텐츠 전략,SEO,엔티티,Entity,,"사람, 장소, 조직, 제품처럼 식별 가능한 대상.","사람, 장소, 조직, 제품처럼 식별 가능한 대상. 실무에서는 콘텐츠 전략 맥락에서 검색엔진, 답변 엔진, 생성형 검색 시스템이 콘텐츠를 발견·이해·표시하는 방식과 연결해 관리한다.","브랜드, 창업자, 매장을 명확히 연결해 설명.",지식 패널;Schema.org;토픽 권위,Schema.org - Getting Started,https://schema.org/docs/gs.html,Google Search Central - Structured Data,https://developers.google.com/search/docs/appearance/structured-data/intro-structured-data,"공식 검색엔진 문서와 구조화 데이터/분석 문서의 정의와 적용 맥락을 대조했고, 카드 표시용으로 한국어 설명을 압축함.",high,verified
SEO-014,콘텐츠 전략,SEO,시맨틱 SEO,Semantic SEO,,"단어 반복보다 의미, 주제, 관계를 중심으로 콘텐츠를 최적화하는 접근.","단어 반복보다 의미, 주제, 관계를 중심으로 콘텐츠를 최적화하는 접근. 실무에서는 콘텐츠 전략 맥락에서 검색엔진, 답변 엔진, 생성형 검색 시스템이 콘텐츠를 발견·이해·표시하는 방식과 연결해 관리한다.","러닝화 글에서 쿠션, 착지, 부상 예방까지 함께 설명.",엔티티;토픽 클러스터;GEO,Google Search Central - Optimizing for Generative AI Search,https://developers.google.com/search/docs/fundamentals/ai-optimization-guide,Schema.org - Getting Started,https://schema.org/docs/gs.html,"공식 검색엔진 문서와 구조화 데이터/분석 문서의 정의와 적용 맥락을 대조했고, 카드 표시용으로 한국어 설명을 압축함.",high,verified
SEO-015,콘텐츠 전략,SEO,토픽 클러스터,Topic Cluster,,중심 주제와 하위 글을 내부 링크로 묶은 콘텐츠 구조.,"중심 주제와 하위 글을 내부 링크로 묶은 콘텐츠 구조. 실무에서는 콘텐츠 전략 맥락에서 검색엔진, 답변 엔진, 생성형 검색 시스템이 콘텐츠를 발견·이해·표시하는 방식과 연결해 관리한다.","SEO 허브와 크롤링, 색인, 구조화 데이터 글을 연결.",필러 페이지;콘텐츠 허브;내부 링크,Google Search Central - SEO Starter Guide,https://developers.google.com/search/docs/fundamentals/seo-starter-guide,"Google Search Central - Helpful, Reliable, People-first Content",https://developers.google.com/search/docs/fundamentals/creating-helpful-content,"공식 검색엔진 문서와 구조화 데이터/분석 문서의 정의와 적용 맥락을 대조했고, 카드 표시용으로 한국어 설명을 압축함.",high,verified
SEO-016,콘텐츠 전략,SEO,필러 페이지,Pillar Page,,넓은 주제를 포괄하고 세부 글로 연결하는 중심 페이지.,"넓은 주제를 포괄하고 세부 글로 연결하는 중심 페이지. 실무에서는 콘텐츠 전략 맥락에서 검색엔진, 답변 엔진, 생성형 검색 시스템이 콘텐츠를 발견·이해·표시하는 방식과 연결해 관리한다.","AI 마케팅 가이드에서 GEO, AEO, SEO 글로 연결.",토픽 클러스터;콘텐츠 허브;사이트 구조,Google Search Central - SEO Starter Guide,https://developers.google.com/search/docs/fundamentals/seo-starter-guide,"Google Search Central - Helpful, Reliable, People-first Content",https://developers.google.com/search/docs/fundamentals/creating-helpful-content,"공식 검색엔진 문서와 구조화 데이터/분석 문서의 정의와 적용 맥락을 대조했고, 카드 표시용으로 한국어 설명을 압축함.",high,verified
SEO-017,콘텐츠 전략,SEO,콘텐츠 허브,Content Hub,,관련 콘텐츠를 한곳에 모아 탐색성과 주제 권위를 높이는 영역.,"관련 콘텐츠를 한곳에 모아 탐색성과 주제 권위를 높이는 영역. 실무에서는 콘텐츠 전략 맥락에서 검색엔진, 답변 엔진, 생성형 검색 시스템이 콘텐츠를 발견·이해·표시하는 방식과 연결해 관리한다.",검색 마케팅 자료실을 카테고리별로 구성.,토픽 권위;내부 링크;필러 페이지,Google Search Central - SEO Starter Guide,https://developers.google.com/search/docs/fundamentals/seo-starter-guide,"Google Search Central - Helpful, Reliable, People-first Content",https://developers.google.com/search/docs/fundamentals/creating-helpful-content,"공식 검색엔진 문서와 구조화 데이터/분석 문서의 정의와 적용 맥락을 대조했고, 카드 표시용으로 한국어 설명을 압축함.",high,verified
SEO-018,콘텐츠 전략,SEO,토픽 권위,Topical Authority,,특정 주제에 대해 깊고 일관된 전문성을 보여주는 상태.,"특정 주제에 대해 깊고 일관된 전문성을 보여주는 상태. 실무에서는 콘텐츠 전략 맥락에서 검색엔진, 답변 엔진, 생성형 검색 시스템이 콘텐츠를 발견·이해·표시하는 방식과 연결해 관리한다.",법률 사이트가 상속 주제를 체계적으로 다룸.,E-E-A-T;콘텐츠 허브;GEO,"Google Search Central - Helpful, Reliable, People-first Content",https://developers.google.com/search/docs/fundamentals/creating-helpful-content,Google Search Quality Rater Guidelines,https://static.googleusercontent.com/media/guidelines.raterhub.com/en//searchqualityevaluatorguidelines.pdf,"공식 검색엔진 문서와 구조화 데이터/분석 문서의 정의와 적용 맥락을 대조했고, 카드 표시용으로 한국어 설명을 압축함.",high,verified
SEO-019,콘텐츠 전략,SEO,정보 이득,Information Gain,,기존 결과에 없는 독창적 관점이나 세부 정보를 제공하는 가치.,"기존 결과에 없는 독창적 관점이나 세부 정보를 제공하는 가치. 실무에서는 콘텐츠 전략 맥락에서 검색엔진, 답변 엔진, 생성형 검색 시스템이 콘텐츠를 발견·이해·표시하는 방식과 연결해 관리한다.",실제 테스트 데이터와 사진으로 리뷰를 보강.,비상품화 콘텐츠;GEO;사람 우선 콘텐츠,Google Search Central - Optimizing for Generative AI Search,https://developers.google.com/search/docs/fundamentals/ai-optimization-guide,"Google Search Central - Helpful, Reliable, People-first Content",https://developers.google.com/search/docs/fundamentals/creating-helpful-content,"공식 검색엔진 문서와 구조화 데이터/분석 문서의 정의와 적용 맥락을 대조했고, 카드 표시용으로 한국어 설명을 압축함.",high,verified
SEO-020,콘텐츠 전략,SEO,콘텐츠 신선도,Content Freshness,,콘텐츠가 현재 상황과 최신 정보에 맞게 유지되는 정도.,"콘텐츠가 현재 상황과 최신 정보에 맞게 유지되는 정도. 실무에서는 콘텐츠 전략 맥락에서 검색엔진, 답변 엔진, 생성형 검색 시스템이 콘텐츠를 발견·이해·표시하는 방식과 연결해 관리한다.",2026 규정 변경을 반영해 세금 글 업데이트.,업데이트;색인;사용자 만족,Google Search Central - SEO Starter Guide,https://developers.google.com/search/docs/fundamentals/seo-starter-guide,"Google Search Central - Helpful, Reliable, People-first Content",https://developers.google.com/search/docs/fundamentals/creating-helpful-content,"공식 검색엔진 문서와 구조화 데이터/분석 문서의 정의와 적용 맥락을 대조했고, 카드 표시용으로 한국어 설명을 압축함.",high,verified
SEO-021,콘텐츠 전략,SEO,사람 우선 콘텐츠,People-first Content,,검색엔진보다 실제 독자의 만족과 문제 해결을 우선하는 콘텐츠.,"검색엔진보다 실제 독자의 만족과 문제 해결을 우선하는 콘텐츠. 실무에서는 콘텐츠 전략 맥락에서 검색엔진, 답변 엔진, 생성형 검색 시스템이 콘텐츠를 발견·이해·표시하는 방식과 연결해 관리한다.",경험 기반으로 장단점과 한계를 솔직히 설명.,도움되는 콘텐츠;E-E-A-T;스팸 정책,"Google Search Central - Helpful, Reliable, People-first Content",https://developers.google.com/search/docs/fundamentals/creating-helpful-content,Google Search Central - Search Essentials,https://developers.google.com/search/docs/essentials,"공식 검색엔진 문서와 구조화 데이터/분석 문서의 정의와 적용 맥락을 대조했고, 카드 표시용으로 한국어 설명을 압축함.",high,verified
SEO-022,콘텐츠 전략,SEO,도움되는 콘텐츠,Helpful Content,,사용자가 방문 후 만족할 만큼 유용하고 신뢰할 수 있는 콘텐츠.,"사용자가 방문 후 만족할 만큼 유용하고 신뢰할 수 있는 콘텐츠. 실무에서는 콘텐츠 전략 맥락에서 검색엔진, 답변 엔진, 생성형 검색 시스템이 콘텐츠를 발견·이해·표시하는 방식과 연결해 관리한다.",질문에 직접 답하고 근거와 다음 행동을 제시.,사람 우선 콘텐츠;검색 의도;품질,"Google Search Central - Helpful, Reliable, People-first Content",https://developers.google.com/search/docs/fundamentals/creating-helpful-content,Google Search Central - Search Essentials,https://developers.google.com/search/docs/essentials,"공식 검색엔진 문서와 구조화 데이터/분석 문서의 정의와 적용 맥락을 대조했고, 카드 표시용으로 한국어 설명을 압축함.",high,verified
SEO-023,콘텐츠 전략,SEO,비상품화 콘텐츠,Non-commodity Content,,흔한 요약을 넘어 고유 경험과 관점을 담은 콘텐츠.,"흔한 요약을 넘어 고유 경험과 관점을 담은 콘텐츠. 실무에서는 콘텐츠 전략 맥락에서 검색엔진, 답변 엔진, 생성형 검색 시스템이 콘텐츠를 발견·이해·표시하는 방식과 연결해 관리한다.",단순 팁 목록 대신 실제 실패 사례와 데이터를 제공.,정보 이득;GEO;사람 우선 콘텐츠,Google Search Central - Optimizing for Generative AI Search,https://developers.google.com/search/docs/fundamentals/ai-optimization-guide,"Google Search Central - Helpful, Reliable, People-first Content",https://developers.google.com/search/docs/fundamentals/creating-helpful-content,"공식 검색엔진 문서와 구조화 데이터/분석 문서의 정의와 적용 맥락을 대조했고, 카드 표시용으로 한국어 설명을 압축함.",high,verified
SEO-024,품질·신뢰,SEO,경험·전문성·권위·신뢰,"Experience, Expertise, Authoritativeness, Trust",E-E-A-T,"콘텐츠 품질과 신뢰성을 평가할 때 보는 경험, 전문성, 권위, 신뢰 요소.","콘텐츠 품질과 신뢰성을 평가할 때 보는 경험, 전문성, 권위, 신뢰 요소. 실무에서는 품질·신뢰 맥락에서 검색엔진, 답변 엔진, 생성형 검색 시스템이 콘텐츠를 발견·이해·표시하는 방식과 연결해 관리한다.","전문가 저자, 실제 사용 경험, 명확한 출처를 표시.",YMYL;품질 평가;저자성,Google Search Quality Rater Guidelines,https://static.googleusercontent.com/media/guidelines.raterhub.com/en//searchqualityevaluatorguidelines.pdf,"Google Search Central - Helpful, Reliable, People-first Content",https://developers.google.com/search/docs/fundamentals/creating-helpful-content,"공식 검색엔진 문서와 구조화 데이터/분석 문서의 정의와 적용 맥락을 대조했고, 카드 표시용으로 한국어 설명을 압축함.",high,verified
SEO-025,품질·신뢰,SEO,돈 또는 생명 관련 주제,Your Money or Your Life,YMYL,"건강, 금융, 안전처럼 사람의 삶에 큰 영향을 줄 수 있는 주제.","건강, 금융, 안전처럼 사람의 삶에 큰 영향을 줄 수 있는 주제. 실무에서는 품질·신뢰 맥락에서 검색엔진, 답변 엔진, 생성형 검색 시스템이 콘텐츠를 발견·이해·표시하는 방식과 연결해 관리한다.",의료 조언 글에 전문가 검토와 최신 출처를 표시.,E-E-A-T;신뢰;품질 평가,Google Search Quality Rater Guidelines,https://static.googleusercontent.com/media/guidelines.raterhub.com/en//searchqualityevaluatorguidelines.pdf,"Google Search Central - Helpful, Reliable, People-first Content",https://developers.google.com/search/docs/fundamentals/creating-helpful-content,"공식 검색엔진 문서와 구조화 데이터/분석 문서의 정의와 적용 맥락을 대조했고, 카드 표시용으로 한국어 설명을 압축함.",high,verified
SEO-026,품질·신뢰,SEO,저자성,Authorship,,콘텐츠 작성자와 책임 주체를 명확히 보여주는 신뢰 신호.,"콘텐츠 작성자와 책임 주체를 명확히 보여주는 신뢰 신호. 실무에서는 품질·신뢰 맥락에서 검색엔진, 답변 엔진, 생성형 검색 시스템이 콘텐츠를 발견·이해·표시하는 방식과 연결해 관리한다.",전문가 프로필과 검토 일자를 표시.,E-E-A-T;투명성;출처 표시,"Google Search Central - Helpful, Reliable, People-first Content",https://developers.google.com/search/docs/fundamentals/creating-helpful-content,Google Search Quality Rater Guidelines,https://static.googleusercontent.com/media/guidelines.raterhub.com/en//searchqualityevaluatorguidelines.pdf,"공식 검색엔진 문서와 구조화 데이터/분석 문서의 정의와 적용 맥락을 대조했고, 카드 표시용으로 한국어 설명을 압축함.",high,verified
SEO-027,품질·신뢰,SEO,출처 표시,Source Attribution,,주장과 데이터의 근거가 되는 원문이나 기관을 밝히는 것.,"주장과 데이터의 근거가 되는 원문이나 기관을 밝히는 것. 실무에서는 품질·신뢰 맥락에서 검색엔진, 답변 엔진, 생성형 검색 시스템이 콘텐츠를 발견·이해·표시하는 방식과 연결해 관리한다.",통계 수치 옆에 기관 보고서 링크를 제공.,인용;AI 검색;신뢰,"Google Search Central - Helpful, Reliable, People-first Content",https://developers.google.com/search/docs/fundamentals/creating-helpful-content,Google Search Central - Optimizing for Generative AI Search,https://developers.google.com/search/docs/fundamentals/ai-optimization-guide,"공식 검색엔진 문서와 구조화 데이터/분석 문서의 정의와 적용 맥락을 대조했고, 카드 표시용으로 한국어 설명을 압축함.",high,verified
SEO-028,품질·신뢰,SEO,검색 품질 평가자 가이드라인,Search Quality Rater Guidelines,QRG,검색 품질 평가자가 결과 품질을 평가할 때 참고하는 지침.,"검색 품질 평가자가 결과 품질을 평가할 때 참고하는 지침. 실무에서는 품질·신뢰 맥락에서 검색엔진, 답변 엔진, 생성형 검색 시스템이 콘텐츠를 발견·이해·표시하는 방식과 연결해 관리한다.","YMYL, E-E-A-T, 페이지 목적을 품질 판단에 활용.",E-E-A-T;YMYL;품질 평가,Google Search Quality Rater Guidelines,https://static.googleusercontent.com/media/guidelines.raterhub.com/en//searchqualityevaluatorguidelines.pdf,"Google Search Central - Helpful, Reliable, People-first Content",https://developers.google.com/search/docs/fundamentals/creating-helpful-content,"공식 검색엔진 문서와 구조화 데이터/분석 문서의 정의와 적용 맥락을 대조했고, 카드 표시용으로 한국어 설명을 압축함.",high,verified
SEO-029,크롤링·색인,SEO 기술,크롤링,Crawling,,검색엔진이 웹 페이지를 발견하고 가져오는 과정.,"검색엔진이 웹 페이지를 발견하고 가져오는 과정. 실무에서는 크롤링·색인 맥락에서 검색엔진, 답변 엔진, 생성형 검색 시스템이 콘텐츠를 발견·이해·표시하는 방식과 연결해 관리한다.",Googlebot이 새 블로그 글 URL을 방문.,크롤러;색인;사이트맵,Google Search Central - SEO Starter Guide,https://developers.google.com/search/docs/fundamentals/seo-starter-guide,Google Search Central - Google Crawlers,https://developers.google.com/crawling/docs/crawlers-fetchers/overview-google-crawlers,"공식 검색엔진 문서와 구조화 데이터/분석 문서의 정의와 적용 맥락을 대조했고, 카드 표시용으로 한국어 설명을 압축함.",high,verified
SEO-030,크롤링·색인,SEO 기술,크롤러,Crawler,,웹 페이지를 자동으로 탐색하고 가져오는 검색엔진 프로그램.,"웹 페이지를 자동으로 탐색하고 가져오는 검색엔진 프로그램. 실무에서는 크롤링·색인 맥락에서 검색엔진, 답변 엔진, 생성형 검색 시스템이 콘텐츠를 발견·이해·표시하는 방식과 연결해 관리한다.",Googlebot이 링크를 따라 페이지를 수집.,Googlebot;크롤링;robots.txt,Google Search Central - Google Crawlers,https://developers.google.com/crawling/docs/crawlers-fetchers/overview-google-crawlers,Google Search Central - robots.txt,https://developers.google.com/search/docs/crawling-indexing/robots/intro,"공식 검색엔진 문서와 구조화 데이터/분석 문서의 정의와 적용 맥락을 대조했고, 카드 표시용으로 한국어 설명을 압축함.",high,verified
SEO-031,크롤링·색인,SEO 기술,Googlebot,Googlebot,,Google 검색이 웹 콘텐츠를 수집할 때 사용하는 대표 크롤러.,"Google 검색이 웹 콘텐츠를 수집할 때 사용하는 대표 크롤러. 실무에서는 크롤링·색인 맥락에서 검색엔진, 답변 엔진, 생성형 검색 시스템이 콘텐츠를 발견·이해·표시하는 방식과 연결해 관리한다.",서버 로그에서 Googlebot 요청을 확인.,크롤러;Google-Extended;크롤링,Google Search Central - Google Crawlers,https://developers.google.com/crawling/docs/crawlers-fetchers/overview-google-crawlers,Google Search Central - robots.txt,https://developers.google.com/search/docs/crawling-indexing/robots/intro,"공식 검색엔진 문서와 구조화 데이터/분석 문서의 정의와 적용 맥락을 대조했고, 카드 표시용으로 한국어 설명을 압축함.",high,verified
SEO-032,크롤링·색인,SEO 기술,AI 크롤러,AI Crawler,,AI 기능이나 모델 관련 목적의 콘텐츠 접근에 쓰이는 크롤러.,"AI 기능이나 모델 관련 목적의 콘텐츠 접근에 쓰이는 크롤러. 실무에서는 크롤링·색인 맥락에서 검색엔진, 답변 엔진, 생성형 검색 시스템이 콘텐츠를 발견·이해·표시하는 방식과 연결해 관리한다.",AI 기능 표시와 학습 목적 접근을 구분해 제어.,Google-Extended;robots.txt;AI 검색,Google Search Central - Google Crawlers,https://developers.google.com/crawling/docs/crawlers-fetchers/overview-google-crawlers,Google Search Central - Optimizing for Generative AI Search,https://developers.google.com/search/docs/fundamentals/ai-optimization-guide,"공식 검색엔진 문서와 구조화 데이터/분석 문서의 정의와 적용 맥락을 대조했고, 카드 표시용으로 한국어 설명을 압축함.",high,verified
SEO-033,크롤링·색인,SEO 기술,Google-Extended,Google-Extended,,Google의 일부 AI 학습·개선 사용을 제어하기 위한 제품 토큰.,"Google의 일부 AI 학습·개선 사용을 제어하기 위한 제품 토큰. 실무에서는 크롤링·색인 맥락에서 검색엔진, 답변 엔진, 생성형 검색 시스템이 콘텐츠를 발견·이해·표시하는 방식과 연결해 관리한다.",robots.txt에서 Google-Extended 접근 규칙을 설정.,AI 크롤러;robots.txt;콘텐츠 제어,Google Search Central - Google Crawlers,https://developers.google.com/crawling/docs/crawlers-fetchers/overview-google-crawlers,Google Search Central - robots.txt,https://developers.google.com/search/docs/crawling-indexing/robots/intro,"공식 검색엔진 문서와 구조화 데이터/분석 문서의 정의와 적용 맥락을 대조했고, 카드 표시용으로 한국어 설명을 압축함.",high,verified
SEO-034,크롤링·색인,SEO 기술,크롤 예산,Crawl Budget,,검색엔진이 사이트에서 크롤링할 수 있는 대략적 리소스와 우선순위.,"검색엔진이 사이트에서 크롤링할 수 있는 대략적 리소스와 우선순위. 실무에서는 크롤링·색인 맥락에서 검색엔진, 답변 엔진, 생성형 검색 시스템이 콘텐츠를 발견·이해·표시하는 방식과 연결해 관리한다.",대형 쇼핑몰에서 중복 필터 URL 크롤링을 줄임.,크롤 수요;크롤 속도;사이트 구조,Google Search Central - SEO Starter Guide,https://developers.google.com/search/docs/fundamentals/seo-starter-guide,Google Search Central - Google Crawlers,https://developers.google.com/crawling/docs/crawlers-fetchers/overview-google-crawlers,"공식 검색엔진 문서와 구조화 데이터/분석 문서의 정의와 적용 맥락을 대조했고, 카드 표시용으로 한국어 설명을 압축함.",high,verified
SEO-035,크롤링·색인,SEO 기술,색인,Indexing,,검색엔진이 페이지를 저장하고 검색 대상으로 처리하는 과정.,"검색엔진이 페이지를 저장하고 검색 대상으로 처리하는 과정. 실무에서는 크롤링·색인 맥락에서 검색엔진, 답변 엔진, 생성형 검색 시스템이 콘텐츠를 발견·이해·표시하는 방식과 연결해 관리한다.",새 문서가 Google 색인에 포함됨.,크롤링;색인 커버리지;noindex,Google Search Central - SEO Starter Guide,https://developers.google.com/search/docs/fundamentals/seo-starter-guide,Google Search Console Help,https://support.google.com/webmasters/answer/9128668,"공식 검색엔진 문서와 구조화 데이터/분석 문서의 정의와 적용 맥락을 대조했고, 카드 표시용으로 한국어 설명을 압축함.",high,verified
SEO-036,크롤링·색인,SEO 기술,색인 커버리지,Index Coverage,,사이트 URL이 색인에 포함됐는지와 제외 사유를 보여주는 상태.,"사이트 URL이 색인에 포함됐는지와 제외 사유를 보여주는 상태. 실무에서는 크롤링·색인 맥락에서 검색엔진, 답변 엔진, 생성형 검색 시스템이 콘텐츠를 발견·이해·표시하는 방식과 연결해 관리한다.",Search Console에서 발견됨-현재 색인 생성 안 됨을 확인.,Search Console;색인;크롤링 오류,Google Search Console Help,https://support.google.com/webmasters/answer/9128668,Google Search Central - SEO Starter Guide,https://developers.google.com/search/docs/fundamentals/seo-starter-guide,"공식 검색엔진 문서와 구조화 데이터/분석 문서의 정의와 적용 맥락을 대조했고, 카드 표시용으로 한국어 설명을 압축함.",high,verified
SEO-037,크롤링·색인,SEO 기술,렌더링,Rendering,,"검색엔진이 HTML, CSS, JavaScript를 처리해 페이지 내용을 파악하는 과정.","검색엔진이 HTML, CSS, JavaScript를 처리해 페이지 내용을 파악하는 과정. 실무에서는 크롤링·색인 맥락에서 검색엔진, 답변 엔진, 생성형 검색 시스템이 콘텐츠를 발견·이해·표시하는 방식과 연결해 관리한다.",JS로 불러온 상품 설명이 렌더링 후에 보임.,JavaScript SEO;클라이언트 렌더링;서버 렌더링,Google Search Central - SEO Starter Guide,https://developers.google.com/search/docs/fundamentals/seo-starter-guide,Google Search Central - Google Crawlers,https://developers.google.com/crawling/docs/crawlers-fetchers/overview-google-crawlers,"공식 검색엔진 문서와 구조화 데이터/분석 문서의 정의와 적용 맥락을 대조했고, 카드 표시용으로 한국어 설명을 압축함.",high,verified
SEO-038,크롤링·색인,SEO 기술,IndexNow,IndexNow,,URL 변경을 참여 검색엔진에 빠르게 알리는 공개 프로토콜.,"URL 변경을 참여 검색엔진에 빠르게 알리는 공개 프로토콜. 실무에서는 크롤링·색인 맥락에서 검색엔진, 답변 엔진, 생성형 검색 시스템이 콘텐츠를 발견·이해·표시하는 방식과 연결해 관리한다.",상품 페이지 업데이트 후 IndexNow API로 제출.,사이트맵;크롤링;Bing,IndexNow Documentation,https://www.indexnow.org/documentation,Google Search Central - Sitemaps,https://developers.google.com/search/docs/crawling-indexing/sitemaps/overview,"공식 검색엔진 문서와 구조화 데이터/분석 문서의 정의와 적용 맥락을 대조했고, 카드 표시용으로 한국어 설명을 압축함.",high,verified
SEO-039,크롤링·색인,SEO 기술,사이트맵,Sitemap,,검색엔진에 중요한 URL과 변경 정보를 알려주는 파일.,"검색엔진에 중요한 URL과 변경 정보를 알려주는 파일. 실무에서는 크롤링·색인 맥락에서 검색엔진, 답변 엔진, 생성형 검색 시스템이 콘텐츠를 발견·이해·표시하는 방식과 연결해 관리한다.",sitemap.xml에 주요 카테고리와 글 URL을 포함.,사이트맵 색인;크롤링;색인,Google Search Central - Sitemaps,https://developers.google.com/search/docs/crawling-indexing/sitemaps/overview,Google Search Central - SEO Starter Guide,https://developers.google.com/search/docs/fundamentals/seo-starter-guide,"공식 검색엔진 문서와 구조화 데이터/분석 문서의 정의와 적용 맥락을 대조했고, 카드 표시용으로 한국어 설명을 압축함.",high,verified
SEO-040,크롤링·색인,SEO 기술,robots.txt,robots.txt,,크롤러가 접근할 수 있는 경로를 안내하는 사이트 루트 파일.,"크롤러가 접근할 수 있는 경로를 안내하는 사이트 루트 파일. 실무에서는 크롤링·색인 맥락에서 검색엔진, 답변 엔진, 생성형 검색 시스템이 콘텐츠를 발견·이해·표시하는 방식과 연결해 관리한다.",관리자 페이지 경로를 Disallow로 지정.,Disallow;크롤러;Google-Extended,Google Search Central - robots.txt,https://developers.google.com/search/docs/crawling-indexing/robots/intro,Google Search Central - Google Crawlers,https://developers.google.com/crawling/docs/crawlers-fetchers/overview-google-crawlers,"공식 검색엔진 문서와 구조화 데이터/분석 문서의 정의와 적용 맥락을 대조했고, 카드 표시용으로 한국어 설명을 압축함.",high,verified
SEO-041,크롤링·색인,SEO 기술,robots 메타 태그,Robots Meta Tag,,페이지 단위로 색인과 스니펫 표시를 제어하는 HTML 메타 태그.,"페이지 단위로 색인과 스니펫 표시를 제어하는 HTML 메타 태그. 실무에서는 크롤링·색인 맥락에서 검색엔진, 답변 엔진, 생성형 검색 시스템이 콘텐츠를 발견·이해·표시하는 방식과 연결해 관리한다.",검색 결과에 보이면 안 되는 페이지에 noindex 적용.,noindex;nofollow;스니펫 제어,Google Search Central - Meta Tags,https://developers.google.com/search/docs/crawling-indexing/special-tags,Google Search Central - robots.txt,https://developers.google.com/search/docs/crawling-indexing/robots/intro,"공식 검색엔진 문서와 구조화 데이터/분석 문서의 정의와 적용 맥락을 대조했고, 카드 표시용으로 한국어 설명을 압축함.",high,verified
SEO-042,크롤링·색인,SEO 기술,noindex,noindex,,검색엔진에 페이지를 색인하지 말라고 지시하는 값.,"검색엔진에 페이지를 색인하지 말라고 지시하는 값. 실무에서는 크롤링·색인 맥락에서 검색엔진, 답변 엔진, 생성형 검색 시스템이 콘텐츠를 발견·이해·표시하는 방식과 연결해 관리한다.",회원 전용 안내 페이지를 검색 결과에서 제외.,robots 메타 태그;X-Robots-Tag;색인,Google Search Central - Meta Tags,https://developers.google.com/search/docs/crawling-indexing/special-tags,Google Search Central - SEO Starter Guide,https://developers.google.com/search/docs/fundamentals/seo-starter-guide,"공식 검색엔진 문서와 구조화 데이터/분석 문서의 정의와 적용 맥락을 대조했고, 카드 표시용으로 한국어 설명을 압축함.",high,verified
SEO-043,링크·사이트 구조,SEO 기술,nofollow,nofollow,,링크를 보증하지 않음을 검색엔진에 알리는 rel 속성 값.,"링크를 보증하지 않음을 검색엔진에 알리는 rel 속성 값. 실무에서는 링크·사이트 구조 맥락에서 검색엔진, 답변 엔진, 생성형 검색 시스템이 콘텐츠를 발견·이해·표시하는 방식과 연결해 관리한다.",사용자 댓글 링크에 rel=nofollow 적용.,sponsored;ugc;링크 스팸,Google Search Central - Meta Tags,https://developers.google.com/search/docs/crawling-indexing/special-tags,Google Search Central - Spam Policies,https://developers.google.com/search/docs/essentials/spam-policies,"공식 검색엔진 문서와 구조화 데이터/분석 문서의 정의와 적용 맥락을 대조했고, 카드 표시용으로 한국어 설명을 압축함.",high,verified
SEO-044,링크·사이트 구조,SEO 기술,정규화,Canonicalization,,중복 또는 유사 URL 중 대표 URL을 선택하도록 신호를 주는 처리.,"중복 또는 유사 URL 중 대표 URL을 선택하도록 신호를 주는 처리. 실무에서는 링크·사이트 구조 맥락에서 검색엔진, 답변 엔진, 생성형 검색 시스템이 콘텐츠를 발견·이해·표시하는 방식과 연결해 관리한다.",필터 URL 대신 기본 카테고리 URL을 대표로 지정.,canonical URL;중복 콘텐츠;rel=canonical,Google Search Central - Canonicalization,https://developers.google.com/search/docs/crawling-indexing/consolidate-duplicate-urls,Google Search Central - SEO Starter Guide,https://developers.google.com/search/docs/fundamentals/seo-starter-guide,"공식 검색엔진 문서와 구조화 데이터/분석 문서의 정의와 적용 맥락을 대조했고, 카드 표시용으로 한국어 설명을 압축함.",high,verified
SEO-045,링크·사이트 구조,SEO 기술,대표 URL,Canonical URL,,중복 페이지 묶음에서 검색엔진에 우선 보여주길 원하는 URL.,"중복 페이지 묶음에서 검색엔진에 우선 보여주길 원하는 URL. 실무에서는 링크·사이트 구조 맥락에서 검색엔진, 답변 엔진, 생성형 검색 시스템이 콘텐츠를 발견·이해·표시하는 방식과 연결해 관리한다.",http와 https 중 https 버전을 대표 URL로 선택.,정규화;rel=canonical;중복 콘텐츠,Google Search Central - Canonicalization,https://developers.google.com/search/docs/crawling-indexing/consolidate-duplicate-urls,Google Search Central - SEO Starter Guide,https://developers.google.com/search/docs/fundamentals/seo-starter-guide,"공식 검색엔진 문서와 구조화 데이터/분석 문서의 정의와 적용 맥락을 대조했고, 카드 표시용으로 한국어 설명을 압축함.",high,verified
SEO-046,링크·사이트 구조,SEO 기술,rel=canonical,rel=canonical,,페이지의 대표 URL을 알려주는 link rel 속성.,"페이지의 대표 URL을 알려주는 link rel 속성. 실무에서는 링크·사이트 구조 맥락에서 검색엔진, 답변 엔진, 생성형 검색 시스템이 콘텐츠를 발견·이해·표시하는 방식과 연결해 관리한다.",프린트용 페이지가 원본 글을 canonical로 지정.,정규화;대표 URL;HTML head,Google Search Central - Canonicalization,https://developers.google.com/search/docs/crawling-indexing/consolidate-duplicate-urls,Google Search Central - Meta Tags,https://developers.google.com/search/docs/crawling-indexing/special-tags,"공식 검색엔진 문서와 구조화 데이터/분석 문서의 정의와 적용 맥락을 대조했고, 카드 표시용으로 한국어 설명을 압축함.",high,verified
SEO-047,링크·사이트 구조,SEO 리스크,중복 콘텐츠,Duplicate Content,,서로 같거나 매우 비슷한 내용이 여러 URL에 존재하는 상태.,"서로 같거나 매우 비슷한 내용이 여러 URL에 존재하는 상태. 실무에서는 링크·사이트 구조 맥락에서 검색엔진, 답변 엔진, 생성형 검색 시스템이 콘텐츠를 발견·이해·표시하는 방식과 연결해 관리한다.",상품 필터 조합으로 동일 설명 페이지가 여러 개 생성.,정규화;대표 URL;파라미터 URL,Google Search Central - Canonicalization,https://developers.google.com/search/docs/crawling-indexing/consolidate-duplicate-urls,Google Search Central - SEO Starter Guide,https://developers.google.com/search/docs/fundamentals/seo-starter-guide,"공식 검색엔진 문서와 구조화 데이터/분석 문서의 정의와 적용 맥락을 대조했고, 카드 표시용으로 한국어 설명을 압축함.",high,verified
SEO-048,링크·사이트 구조,SEO 기술,리디렉션,Redirect,,사용자와 크롤러를 한 URL에서 다른 URL로 보내는 처리.,"사용자와 크롤러를 한 URL에서 다른 URL로 보내는 처리. 실무에서는 링크·사이트 구조 맥락에서 검색엔진, 답변 엔진, 생성형 검색 시스템이 콘텐츠를 발견·이해·표시하는 방식과 연결해 관리한다.",옛 블로그 글을 새 URL로 이동.,301;302;사이트 이전,Google Search Central - SEO Starter Guide,https://developers.google.com/search/docs/fundamentals/seo-starter-guide,Google Search Central - Canonicalization,https://developers.google.com/search/docs/crawling-indexing/consolidate-duplicate-urls,"공식 검색엔진 문서와 구조화 데이터/분석 문서의 정의와 적용 맥락을 대조했고, 카드 표시용으로 한국어 설명을 압축함.",high,verified
SEO-049,링크·사이트 구조,SEO 기술,301 리디렉션,301 Redirect,,영구 이동을 나타내는 HTTP 리디렉션.,"영구 이동을 나타내는 HTTP 리디렉션. 실무에서는 링크·사이트 구조 맥락에서 검색엔진, 답변 엔진, 생성형 검색 시스템이 콘텐츠를 발견·이해·표시하는 방식과 연결해 관리한다.",도메인 변경 후 모든 URL을 새 도메인으로 301 처리.,리디렉션;사이트 이전;상태 코드,Google Search Central - SEO Starter Guide,https://developers.google.com/search/docs/fundamentals/seo-starter-guide,Google Search Central - Canonicalization,https://developers.google.com/search/docs/crawling-indexing/consolidate-duplicate-urls,"공식 검색엔진 문서와 구조화 데이터/분석 문서의 정의와 적용 맥락을 대조했고, 카드 표시용으로 한국어 설명을 압축함.",high,verified
SEO-050,링크·사이트 구조,SEO 리스크,소프트 404,Soft 404,,실제 없는 페이지가 200 응답처럼 처리되는 오류.,"실제 없는 페이지가 200 응답처럼 처리되는 오류. 실무에서는 링크·사이트 구조 맥락에서 검색엔진, 답변 엔진, 생성형 검색 시스템이 콘텐츠를 발견·이해·표시하는 방식과 연결해 관리한다.",품절 상품 페이지가 빈 내용으로 200 응답.,404;410;색인 커버리지,Google Search Console Help,https://support.google.com/webmasters/answer/9128668,Google Search Central - SEO Starter Guide,https://developers.google.com/search/docs/fundamentals/seo-starter-guide,"공식 검색엔진 문서와 구조화 데이터/분석 문서의 정의와 적용 맥락을 대조했고, 카드 표시용으로 한국어 설명을 압축함.",high,verified
SEO-051,링크·사이트 구조,SEO 기술,404 오류,404 Not Found,,요청한 URL을 찾을 수 없음을 나타내는 HTTP 상태.,"요청한 URL을 찾을 수 없음을 나타내는 HTTP 상태. 실무에서는 링크·사이트 구조 맥락에서 검색엔진, 답변 엔진, 생성형 검색 시스템이 콘텐츠를 발견·이해·표시하는 방식과 연결해 관리한다.",삭제된 게시글 URL이 404를 반환.,소프트 404;410;리디렉션,Google Search Console Help,https://support.google.com/webmasters/answer/9128668,Google Search Central - SEO Starter Guide,https://developers.google.com/search/docs/fundamentals/seo-starter-guide,"공식 검색엔진 문서와 구조화 데이터/분석 문서의 정의와 적용 맥락을 대조했고, 카드 표시용으로 한국어 설명을 압축함.",high,verified
SEO-052,링크·사이트 구조,SEO 기술,URL 구조,URL Structure,,사용자와 검색엔진이 이해하기 쉬운 URL 설계.,"사용자와 검색엔진이 이해하기 쉬운 URL 설계. 실무에서는 링크·사이트 구조 맥락에서 검색엔진, 답변 엔진, 생성형 검색 시스템이 콘텐츠를 발견·이해·표시하는 방식과 연결해 관리한다.",example.com/seo/crawling처럼 주제를 드러냄.,슬러그;브레드크럼;사이트 구조,Google Search Central - SEO Starter Guide,https://developers.google.com/search/docs/fundamentals/seo-starter-guide,Google Search Central - Search Essentials,https://developers.google.com/search/docs/essentials,"공식 검색엔진 문서와 구조화 데이터/분석 문서의 정의와 적용 맥락을 대조했고, 카드 표시용으로 한국어 설명을 압축함.",high,verified
SEO-053,링크·사이트 구조,SEO 기술,브레드크럼,Breadcrumb,,페이지의 위치와 상위 구조를 보여주는 탐색 경로.,"페이지의 위치와 상위 구조를 보여주는 탐색 경로. 실무에서는 링크·사이트 구조 맥락에서 검색엔진, 답변 엔진, 생성형 검색 시스템이 콘텐츠를 발견·이해·표시하는 방식과 연결해 관리한다.",홈 > SEO > 기술 SEO.,BreadcrumbList;사이트 구조;리치 결과,Google Search Central - SEO Starter Guide,https://developers.google.com/search/docs/fundamentals/seo-starter-guide,Google Search Central - Structured Data,https://developers.google.com/search/docs/appearance/structured-data/intro-structured-data,"공식 검색엔진 문서와 구조화 데이터/분석 문서의 정의와 적용 맥락을 대조했고, 카드 표시용으로 한국어 설명을 압축함.",high,verified
SEO-054,링크·사이트 구조,SEO 기술,내부 링크,Internal Link,,같은 사이트 안의 다른 페이지로 연결하는 링크.,"같은 사이트 안의 다른 페이지로 연결하는 링크. 실무에서는 링크·사이트 구조 맥락에서 검색엔진, 답변 엔진, 생성형 검색 시스템이 콘텐츠를 발견·이해·표시하는 방식과 연결해 관리한다.",SEO 가이드에서 사이트맵 문서로 링크.,앵커 텍스트;토픽 클러스터;크롤링,Google Search Central - SEO Starter Guide,https://developers.google.com/search/docs/fundamentals/seo-starter-guide,Google Search Central - Search Essentials,https://developers.google.com/search/docs/essentials,"공식 검색엔진 문서와 구조화 데이터/분석 문서의 정의와 적용 맥락을 대조했고, 카드 표시용으로 한국어 설명을 압축함.",high,verified
SEO-055,링크·사이트 구조,SEO 기술,앵커 텍스트,Anchor Text,,링크에 표시되는 클릭 가능한 텍스트.,"링크에 표시되는 클릭 가능한 텍스트. 실무에서는 링크·사이트 구조 맥락에서 검색엔진, 답변 엔진, 생성형 검색 시스템이 콘텐츠를 발견·이해·표시하는 방식과 연결해 관리한다.",자세한 내용은 robots.txt 가이드 링크.,내부 링크;외부 링크;링크 맥락,Google Search Central - Search Essentials,https://developers.google.com/search/docs/essentials,Google Search Central - SEO Starter Guide,https://developers.google.com/search/docs/fundamentals/seo-starter-guide,"공식 검색엔진 문서와 구조화 데이터/분석 문서의 정의와 적용 맥락을 대조했고, 카드 표시용으로 한국어 설명을 압축함.",high,verified
SEO-056,링크·사이트 구조,SEO 기술,외부 링크,External Link,,다른 도메인의 페이지로 연결하는 링크.,"다른 도메인의 페이지로 연결하는 링크. 실무에서는 링크·사이트 구조 맥락에서 검색엔진, 답변 엔진, 생성형 검색 시스템이 콘텐츠를 발견·이해·표시하는 방식과 연결해 관리한다.",통계 출처인 정부 보고서로 링크.,출처 표시;백링크;신뢰,"Google Search Central - Helpful, Reliable, People-first Content",https://developers.google.com/search/docs/fundamentals/creating-helpful-content,Google Search Central - SEO Starter Guide,https://developers.google.com/search/docs/fundamentals/seo-starter-guide,"공식 검색엔진 문서와 구조화 데이터/분석 문서의 정의와 적용 맥락을 대조했고, 카드 표시용으로 한국어 설명을 압축함.",high,verified
SEO-057,링크·사이트 구조,SEO,백링크,Backlink,,다른 사이트에서 내 사이트로 연결되는 링크.,"다른 사이트에서 내 사이트로 연결되는 링크. 실무에서는 링크·사이트 구조 맥락에서 검색엔진, 답변 엔진, 생성형 검색 시스템이 콘텐츠를 발견·이해·표시하는 방식과 연결해 관리한다.",업계 보고서가 내 연구 페이지를 인용.,링크 스팸;권위;외부 링크,Google Search Central - SEO Starter Guide,https://developers.google.com/search/docs/fundamentals/seo-starter-guide,Google Search Central - Spam Policies,https://developers.google.com/search/docs/essentials/spam-policies,"공식 검색엔진 문서와 구조화 데이터/분석 문서의 정의와 적용 맥락을 대조했고, 카드 표시용으로 한국어 설명을 압축함.",high,verified
SEO-058,링크·사이트 구조,SEO 리스크,고아 페이지,Orphan Page,,사이트 내부 링크로 거의 연결되지 않아 발견이 어려운 페이지.,"사이트 내부 링크로 거의 연결되지 않아 발견이 어려운 페이지. 실무에서는 링크·사이트 구조 맥락에서 검색엔진, 답변 엔진, 생성형 검색 시스템이 콘텐츠를 발견·이해·표시하는 방식과 연결해 관리한다.",게시됐지만 어떤 메뉴나 글에서도 링크되지 않은 이벤트 페이지.,내부 링크;사이트맵;사이트 구조,Google Search Central - SEO Starter Guide,https://developers.google.com/search/docs/fundamentals/seo-starter-guide,Google Search Central - Sitemaps,https://developers.google.com/search/docs/crawling-indexing/sitemaps/overview,"공식 검색엔진 문서와 구조화 데이터/분석 문서의 정의와 적용 맥락을 대조했고, 카드 표시용으로 한국어 설명을 압축함.",high,verified
SEO-059,링크·사이트 구조,SEO 기술,사이트 구조,Site Architecture,,페이지와 카테고리가 논리적으로 연결된 전체 구조.,"페이지와 카테고리가 논리적으로 연결된 전체 구조. 실무에서는 링크·사이트 구조 맥락에서 검색엔진, 답변 엔진, 생성형 검색 시스템이 콘텐츠를 발견·이해·표시하는 방식과 연결해 관리한다.",상위 카테고리와 하위 글을 주제별로 배치.,내비게이션;토픽 클러스터;크롤링,Google Search Central - SEO Starter Guide,https://developers.google.com/search/docs/fundamentals/seo-starter-guide,Google Search Central - Search Essentials,https://developers.google.com/search/docs/essentials,"공식 검색엔진 문서와 구조화 데이터/분석 문서의 정의와 적용 맥락을 대조했고, 카드 표시용으로 한국어 설명을 압축함.",high,verified
SEO-060,링크·사이트 구조,SEO 기술,내비게이션,Navigation,,사용자가 사이트 안에서 원하는 페이지를 찾도록 돕는 메뉴와 링크 체계.,"사용자가 사이트 안에서 원하는 페이지를 찾도록 돕는 메뉴와 링크 체계. 실무에서는 링크·사이트 구조 맥락에서 검색엔진, 답변 엔진, 생성형 검색 시스템이 콘텐츠를 발견·이해·표시하는 방식과 연결해 관리한다.",상단 메뉴와 사이드바로 주요 카테고리 제공.,사이트 구조;내부 링크;사용자 경험,Google Search Central - SEO Starter Guide,https://developers.google.com/search/docs/fundamentals/seo-starter-guide,Google Search Central - Search Essentials,https://developers.google.com/search/docs/essentials,"공식 검색엔진 문서와 구조화 데이터/분석 문서의 정의와 적용 맥락을 대조했고, 카드 표시용으로 한국어 설명을 압축함.",high,verified
SEO-061,링크·사이트 구조,SEO 기술,페이지네이션,Pagination,,긴 목록을 여러 페이지로 나누어 탐색하게 하는 방식.,"긴 목록을 여러 페이지로 나누어 탐색하게 하는 방식. 실무에서는 링크·사이트 구조 맥락에서 검색엔진, 답변 엔진, 생성형 검색 시스템이 콘텐츠를 발견·이해·표시하는 방식과 연결해 관리한다.","상품 목록을 1, 2, 3 페이지로 분리.",카테고리;크롤링;무한 스크롤,Google Search Central - SEO Starter Guide,https://developers.google.com/search/docs/fundamentals/seo-starter-guide,Google Search Central - Search Essentials,https://developers.google.com/search/docs/essentials,"공식 검색엔진 문서와 구조화 데이터/분석 문서의 정의와 적용 맥락을 대조했고, 카드 표시용으로 한국어 설명을 압축함.",high,verified
SEO-062,링크·사이트 구조,SEO 리스크,패싯 내비게이션,Faceted Navigation,,필터 조합으로 URL이 많이 생기는 탐색 구조.,"필터 조합으로 URL이 많이 생기는 탐색 구조. 실무에서는 링크·사이트 구조 맥락에서 검색엔진, 답변 엔진, 생성형 검색 시스템이 콘텐츠를 발견·이해·표시하는 방식과 연결해 관리한다.","색상, 가격, 브랜드 필터가 수천 URL을 생성.",중복 콘텐츠;크롤 예산;정규화,Google Search Central - SEO Starter Guide,https://developers.google.com/search/docs/fundamentals/seo-starter-guide,Google Search Central - Canonicalization,https://developers.google.com/search/docs/crawling-indexing/consolidate-duplicate-urls,"공식 검색엔진 문서와 구조화 데이터/분석 문서의 정의와 적용 맥락을 대조했고, 카드 표시용으로 한국어 설명을 압축함.",high,verified
SEO-063,기술 SEO,SEO 기술,JavaScript SEO,JavaScript SEO,JS SEO,JavaScript 기반 사이트를 검색엔진이 이해하도록 최적화하는 기술.,"JavaScript 기반 사이트를 검색엔진이 이해하도록 최적화하는 기술. 실무에서는 기술 SEO 맥락에서 검색엔진, 답변 엔진, 생성형 검색 시스템이 콘텐츠를 발견·이해·표시하는 방식과 연결해 관리한다.",렌더링 후 콘텐츠가 Googlebot에 보이는지 점검.,렌더링;CSR;SSR,Google Search Central - SEO Starter Guide,https://developers.google.com/search/docs/fundamentals/seo-starter-guide,Google Search Central - Google Crawlers,https://developers.google.com/crawling/docs/crawlers-fetchers/overview-google-crawlers,"공식 검색엔진 문서와 구조화 데이터/분석 문서의 정의와 적용 맥락을 대조했고, 카드 표시용으로 한국어 설명을 압축함.",high,verified
SEO-064,기술 SEO,SEO 기술,서버 사이드 렌더링,Server-side Rendering,SSR,서버에서 완성된 HTML을 만들어 전달하는 렌더링 방식.,"서버에서 완성된 HTML을 만들어 전달하는 렌더링 방식. 실무에서는 기술 SEO 맥락에서 검색엔진, 답변 엔진, 생성형 검색 시스템이 콘텐츠를 발견·이해·표시하는 방식과 연결해 관리한다.",상품명과 설명이 초기 HTML에 포함됨.,렌더링;CSR;JavaScript SEO,Google Search Central - SEO Starter Guide,https://developers.google.com/search/docs/fundamentals/seo-starter-guide,Google Search Central - Google Crawlers,https://developers.google.com/crawling/docs/crawlers-fetchers/overview-google-crawlers,"공식 검색엔진 문서와 구조화 데이터/분석 문서의 정의와 적용 맥락을 대조했고, 카드 표시용으로 한국어 설명을 압축함.",high,verified
SEO-065,기술 SEO,SEO 기술,클라이언트 사이드 렌더링,Client-side Rendering,CSR,브라우저에서 JavaScript로 주요 콘텐츠를 생성하는 방식.,"브라우저에서 JavaScript로 주요 콘텐츠를 생성하는 방식. 실무에서는 기술 SEO 맥락에서 검색엔진, 답변 엔진, 생성형 검색 시스템이 콘텐츠를 발견·이해·표시하는 방식과 연결해 관리한다.",초기 HTML에는 빈 div만 있고 JS 실행 후 글이 보임.,렌더링;SSR;JavaScript SEO,Google Search Central - SEO Starter Guide,https://developers.google.com/search/docs/fundamentals/seo-starter-guide,Google Search Central - Google Crawlers,https://developers.google.com/crawling/docs/crawlers-fetchers/overview-google-crawlers,"공식 검색엔진 문서와 구조화 데이터/분석 문서의 정의와 적용 맥락을 대조했고, 카드 표시용으로 한국어 설명을 압축함.",high,verified
SEO-066,기술 SEO,SEO 기술,지연 로딩,Lazy Loading,,필요한 시점에 이미지나 콘텐츠를 늦게 불러오는 최적화 방식.,"필요한 시점에 이미지나 콘텐츠를 늦게 불러오는 최적화 방식. 실무에서는 기술 SEO 맥락에서 검색엔진, 답변 엔진, 생성형 검색 시스템이 콘텐츠를 발견·이해·표시하는 방식과 연결해 관리한다.",스크롤 근처에 도달할 때 이미지 로드.,이미지 SEO;성능;렌더링,Google Search Central - SEO Starter Guide,https://developers.google.com/search/docs/fundamentals/seo-starter-guide,Google Search Central - Core Web Vitals,https://developers.google.com/search/docs/appearance/core-web-vitals,"공식 검색엔진 문서와 구조화 데이터/분석 문서의 정의와 적용 맥락을 대조했고, 카드 표시용으로 한국어 설명을 압축함.",high,verified
SEO-067,기술 SEO,SEO 기술,핵심 웹 지표,Core Web Vitals,CWV,사용자 경험을 측정하는 Google의 주요 페이지 성능 지표.,"사용자 경험을 측정하는 Google의 주요 페이지 성능 지표. 실무에서는 기술 SEO 맥락에서 검색엔진, 답변 엔진, 생성형 검색 시스템이 콘텐츠를 발견·이해·표시하는 방식과 연결해 관리한다.","LCP, INP, CLS를 모니터링.",LCP;INP;CLS,Google Search Central - Core Web Vitals,https://developers.google.com/search/docs/appearance/core-web-vitals,Google Search Central - Search Essentials,https://developers.google.com/search/docs/essentials,"공식 검색엔진 문서와 구조화 데이터/분석 문서의 정의와 적용 맥락을 대조했고, 카드 표시용으로 한국어 설명을 압축함.",high,verified
SEO-068,기술 SEO,SEO 지표,최대 콘텐츠풀 페인트,Largest Contentful Paint,LCP,페이지의 주요 콘텐츠가 로드되는 속도를 나타내는 성능 지표.,"페이지의 주요 콘텐츠가 로드되는 속도를 나타내는 성능 지표. 실무에서는 기술 SEO 맥락에서 검색엔진, 답변 엔진, 생성형 검색 시스템이 콘텐츠를 발견·이해·표시하는 방식과 연결해 관리한다.",히어로 이미지가 2.2초 안에 표시됨.,Core Web Vitals;속도;이미지 최적화,Google Search Central - Core Web Vitals,https://developers.google.com/search/docs/appearance/core-web-vitals,Google Search Central - Search Essentials,https://developers.google.com/search/docs/essentials,"공식 검색엔진 문서와 구조화 데이터/분석 문서의 정의와 적용 맥락을 대조했고, 카드 표시용으로 한국어 설명을 압축함.",high,verified
SEO-069,기술 SEO,SEO 지표,다음 페인트 상호작용,Interaction to Next Paint,INP,사용자 상호작용 후 화면 반응까지의 지연을 측정하는 지표.,"사용자 상호작용 후 화면 반응까지의 지연을 측정하는 지표. 실무에서는 기술 SEO 맥락에서 검색엔진, 답변 엔진, 생성형 검색 시스템이 콘텐츠를 발견·이해·표시하는 방식과 연결해 관리한다.",버튼 클릭 후 UI가 빠르게 반응하는지 확인.,Core Web Vitals;사용자 경험;성능,Google Search Central - Core Web Vitals,https://developers.google.com/search/docs/appearance/core-web-vitals,Google Search Central - Search Essentials,https://developers.google.com/search/docs/essentials,"공식 검색엔진 문서와 구조화 데이터/분석 문서의 정의와 적용 맥락을 대조했고, 카드 표시용으로 한국어 설명을 압축함.",high,verified
SEO-070,기술 SEO,SEO 지표,누적 레이아웃 이동,Cumulative Layout Shift,CLS,페이지 로딩 중 예기치 않은 레이아웃 이동 정도.,"페이지 로딩 중 예기치 않은 레이아웃 이동 정도. 실무에서는 기술 SEO 맥락에서 검색엔진, 답변 엔진, 생성형 검색 시스템이 콘텐츠를 발견·이해·표시하는 방식과 연결해 관리한다.",광고 삽입으로 본문이 갑자기 밀리는 문제 측정.,Core Web Vitals;페이지 경험;렌더링,Google Search Central - Core Web Vitals,https://developers.google.com/search/docs/appearance/core-web-vitals,Google Search Central - Search Essentials,https://developers.google.com/search/docs/essentials,"공식 검색엔진 문서와 구조화 데이터/분석 문서의 정의와 적용 맥락을 대조했고, 카드 표시용으로 한국어 설명을 압축함.",high,verified
SEO-071,기술 SEO,SEO,페이지 경험,Page Experience,,"사용자가 페이지를 이용할 때 느끼는 속도, 안정성, 모바일 친화성 등 경험 요소.","사용자가 페이지를 이용할 때 느끼는 속도, 안정성, 모바일 친화성 등 경험 요소. 실무에서는 기술 SEO 맥락에서 검색엔진, 답변 엔진, 생성형 검색 시스템이 콘텐츠를 발견·이해·표시하는 방식과 연결해 관리한다.",느린 로딩과 침입형 팝업을 줄임.,Core Web Vitals;모바일;사용자 경험,Google Search Central - Core Web Vitals,https://developers.google.com/search/docs/appearance/core-web-vitals,Google Search Central - Search Essentials,https://developers.google.com/search/docs/essentials,"공식 검색엔진 문서와 구조화 데이터/분석 문서의 정의와 적용 맥락을 대조했고, 카드 표시용으로 한국어 설명을 압축함.",high,verified
SEO-072,기술 SEO,SEO 기술,모바일 우선 색인,Mobile-first Indexing,,Google이 주로 모바일 버전 콘텐츠를 색인과 평가에 사용하는 방식.,"Google이 주로 모바일 버전 콘텐츠를 색인과 평가에 사용하는 방식. 실무에서는 기술 SEO 맥락에서 검색엔진, 답변 엔진, 생성형 검색 시스템이 콘텐츠를 발견·이해·표시하는 방식과 연결해 관리한다.",데스크톱에만 있는 문구가 모바일에 없어 색인 신호가 약해짐.,반응형 디자인;모바일 SEO;렌더링,Google Search Central - SEO Starter Guide,https://developers.google.com/search/docs/fundamentals/seo-starter-guide,Google Search Central - Search Essentials,https://developers.google.com/search/docs/essentials,"공식 검색엔진 문서와 구조화 데이터/분석 문서의 정의와 적용 맥락을 대조했고, 카드 표시용으로 한국어 설명을 압축함.",high,verified
SEO-073,기술 SEO,SEO 기술,반응형 디자인,Responsive Design,,화면 크기에 따라 같은 URL과 HTML이 유연하게 표시되는 설계.,"화면 크기에 따라 같은 URL과 HTML이 유연하게 표시되는 설계. 실무에서는 기술 SEO 맥락에서 검색엔진, 답변 엔진, 생성형 검색 시스템이 콘텐츠를 발견·이해·표시하는 방식과 연결해 관리한다.",모바일과 데스크톱에서 동일 콘텐츠를 적절히 배치.,모바일 우선 색인;사용자 경험;CSS,Google Search Central - SEO Starter Guide,https://developers.google.com/search/docs/fundamentals/seo-starter-guide,Google Search Central - Search Essentials,https://developers.google.com/search/docs/essentials,"공식 검색엔진 문서와 구조화 데이터/분석 문서의 정의와 적용 맥락을 대조했고, 카드 표시용으로 한국어 설명을 압축함.",high,verified
SEO-074,기술 SEO,SEO 기술,HTTPS,HTTPS,,암호화된 HTTP 통신으로 사이트 보안과 신뢰를 높이는 프로토콜.,"암호화된 HTTP 통신으로 사이트 보안과 신뢰를 높이는 프로토콜. 실무에서는 기술 SEO 맥락에서 검색엔진, 답변 엔진, 생성형 검색 시스템이 콘텐츠를 발견·이해·표시하는 방식과 연결해 관리한다.",결제 페이지와 전체 사이트를 HTTPS로 제공.,보안;페이지 경험;기술 요구사항,Google Search Central - Search Essentials,https://developers.google.com/search/docs/essentials,Google Search Central - SEO Starter Guide,https://developers.google.com/search/docs/fundamentals/seo-starter-guide,"공식 검색엔진 문서와 구조화 데이터/분석 문서의 정의와 적용 맥락을 대조했고, 카드 표시용으로 한국어 설명을 압축함.",high,verified
SEO-075,구조화 데이터,AEO,구조화 데이터,Structured Data,,페이지 정보를 검색엔진이 이해하기 쉬운 형식으로 표시하는 마크업.,"페이지 정보를 검색엔진이 이해하기 쉬운 형식으로 표시하는 마크업. 실무에서는 구조화 데이터 맥락에서 검색엔진, 답변 엔진, 생성형 검색 시스템이 콘텐츠를 발견·이해·표시하는 방식과 연결해 관리한다.",제품 가격과 평점을 JSON-LD로 제공.,Schema.org;리치 결과;JSON-LD,Google Search Central - Structured Data,https://developers.google.com/search/docs/appearance/structured-data/intro-structured-data,Schema.org - Getting Started,https://schema.org/docs/gs.html,신생 또는 산업 실무 용어라 표준화 수준을 별도 확인함. Google의 생성형 검색 가이드와 연구/공식 문서의 사용 맥락을 대조해 보수적으로 정의함.,high,verified
SEO-076,구조화 데이터,AEO,Schema.org,Schema.org,,검색엔진과 웹에서 쓰는 구조화 데이터 어휘 공동 표준.,"검색엔진과 웹에서 쓰는 구조화 데이터 어휘 공동 표준. 실무에서는 구조화 데이터 맥락에서 검색엔진, 답변 엔진, 생성형 검색 시스템이 콘텐츠를 발견·이해·표시하는 방식과 연결해 관리한다.","Article, Product, LocalBusiness 타입 사용.",구조화 데이터;JSON-LD;엔티티,Schema.org - Getting Started,https://schema.org/docs/gs.html,Google Search Central - Structured Data,https://developers.google.com/search/docs/appearance/structured-data/intro-structured-data,신생 또는 산업 실무 용어라 표준화 수준을 별도 확인함. Google의 생성형 검색 가이드와 연구/공식 문서의 사용 맥락을 대조해 보수적으로 정의함.,high,verified
SEO-077,구조화 데이터,AEO,JSON-LD,JSON for Linking Data,JSON-LD,구조화 데이터를 JSON 형식으로 페이지에 삽입하는 방식.,"구조화 데이터를 JSON 형식으로 페이지에 삽입하는 방식. 실무에서는 구조화 데이터 맥락에서 검색엔진, 답변 엔진, 생성형 검색 시스템이 콘텐츠를 발견·이해·표시하는 방식과 연결해 관리한다.",script type=application/ld+json 안에 Product 데이터 작성.,Schema.org;구조화 데이터;리치 결과,Google Search Central - Structured Data,https://developers.google.com/search/docs/appearance/structured-data/intro-structured-data,Schema.org - Getting Started,https://schema.org/docs/gs.html,신생 또는 산업 실무 용어라 표준화 수준을 별도 확인함. Google의 생성형 검색 가이드와 연구/공식 문서의 사용 맥락을 대조해 보수적으로 정의함.,high,verified
SEO-078,검색 노출,AEO,리치 결과,Rich Result,,구조화 데이터 등을 바탕으로 검색 결과가 확장 표시되는 형태.,"구조화 데이터 등을 바탕으로 검색 결과가 확장 표시되는 형태. 실무에서는 검색 노출 맥락에서 검색엔진, 답변 엔진, 생성형 검색 시스템이 콘텐츠를 발견·이해·표시하는 방식과 연결해 관리한다.","상품 가격, 평점, 재고가 결과에 표시.",구조화 데이터;리치 스니펫;SERP,Google Search Central - Structured Data,https://developers.google.com/search/docs/appearance/structured-data/intro-structured-data,Google Search Central - Snippets,https://developers.google.com/search/docs/appearance/snippet,신생 또는 산업 실무 용어라 표준화 수준을 별도 확인함. Google의 생성형 검색 가이드와 연구/공식 문서의 사용 맥락을 대조해 보수적으로 정의함.,high,verified
SEO-079,검색 노출,AEO,리치 스니펫,Rich Snippet,,"평점, 가격, 이미지처럼 추가 정보가 붙은 검색 스니펫.","평점, 가격, 이미지처럼 추가 정보가 붙은 검색 스니펫. 실무에서는 검색 노출 맥락에서 검색엔진, 답변 엔진, 생성형 검색 시스템이 콘텐츠를 발견·이해·표시하는 방식과 연결해 관리한다.",레시피 결과에 조리 시간과 평점 표시.,리치 결과;구조화 데이터;스니펫,Google Search Central - Structured Data,https://developers.google.com/search/docs/appearance/structured-data/intro-structured-data,Google Search Central - Snippets,https://developers.google.com/search/docs/appearance/snippet,신생 또는 산업 실무 용어라 표준화 수준을 별도 확인함. Google의 생성형 검색 가이드와 연구/공식 문서의 사용 맥락을 대조해 보수적으로 정의함.,high,verified
SEO-080,검색 노출,AEO,추천 스니펫,Featured Snippet,,검색 결과 상단에 답변 요약을 강조 표시하는 기능.,"검색 결과 상단에 답변 요약을 강조 표시하는 기능. 실무에서는 검색 노출 맥락에서 검색엔진, 답변 엔진, 생성형 검색 시스템이 콘텐츠를 발견·이해·표시하는 방식과 연결해 관리한다.",정의형 질문에 짧은 문단 답변이 상단 노출.,AEO;직접 답변;스니펫,Google Search Central - Snippets,https://developers.google.com/search/docs/appearance/snippet,Google Search Central - Structured Data,https://developers.google.com/search/docs/appearance/structured-data/intro-structured-data,신생 또는 산업 실무 용어라 표준화 수준을 별도 확인함. Google의 생성형 검색 가이드와 연구/공식 문서의 사용 맥락을 대조해 보수적으로 정의함.,high,verified
SEO-081,검색 노출,AEO,지식 패널,Knowledge Panel,,엔티티 정보를 요약해 보여주는 검색 결과 패널.,"엔티티 정보를 요약해 보여주는 검색 결과 패널. 실무에서는 검색 노출 맥락에서 검색엔진, 답변 엔진, 생성형 검색 시스템이 콘텐츠를 발견·이해·표시하는 방식과 연결해 관리한다.","회사명 검색 시 로고, 설명, 공식 사이트가 표시.",엔티티;Organization;Schema.org,Google Search Central - Structured Data,https://developers.google.com/search/docs/appearance/structured-data/intro-structured-data,Schema.org - Getting Started,https://schema.org/docs/gs.html,신생 또는 산업 실무 용어라 표준화 수준을 별도 확인함. Google의 생성형 검색 가이드와 연구/공식 문서의 사용 맥락을 대조해 보수적으로 정의함.,high,verified
SEO-082,검색 노출,SEO,사이트링크,Sitelinks,,검색 결과 아래에 사이트의 주요 하위 링크가 함께 표시되는 기능.,"검색 결과 아래에 사이트의 주요 하위 링크가 함께 표시되는 기능. 실무에서는 검색 노출 맥락에서 검색엔진, 답변 엔진, 생성형 검색 시스템이 콘텐츠를 발견·이해·표시하는 방식과 연결해 관리한다.","브랜드 검색 결과에 가격, 문의, 블로그 링크 표시.",내비게이션;사이트 구조;SERP,Google Search Central - Snippets,https://developers.google.com/search/docs/appearance/snippet,Google Search Central - SEO Starter Guide,https://developers.google.com/search/docs/fundamentals/seo-starter-guide,"공식 검색엔진 문서와 구조화 데이터/분석 문서의 정의와 적용 맥락을 대조했고, 카드 표시용으로 한국어 설명을 압축함.",high,verified
SEO-083,검색 노출,SEO,타이틀 링크,Title Link,,검색 결과에서 클릭 가능한 제목으로 표시되는 텍스트.,"검색 결과에서 클릭 가능한 제목으로 표시되는 텍스트. 실무에서는 검색 노출 맥락에서 검색엔진, 답변 엔진, 생성형 검색 시스템이 콘텐츠를 발견·이해·표시하는 방식과 연결해 관리한다.",페이지 title과 주요 헤딩을 명확하게 작성.,메타 설명;스니펫;SERP,Google Search Central - Snippets,https://developers.google.com/search/docs/appearance/snippet,Google Search Central - SEO Starter Guide,https://developers.google.com/search/docs/fundamentals/seo-starter-guide,"공식 검색엔진 문서와 구조화 데이터/분석 문서의 정의와 적용 맥락을 대조했고, 카드 표시용으로 한국어 설명을 압축함.",high,verified
SEO-084,검색 노출,SEO,메타 설명,Meta Description,,검색 스니펫 설명 후보가 되는 HTML meta description 내용.,"검색 스니펫 설명 후보가 되는 HTML meta description 내용. 실무에서는 검색 노출 맥락에서 검색엔진, 답변 엔진, 생성형 검색 시스템이 콘텐츠를 발견·이해·표시하는 방식과 연결해 관리한다.",페이지 요약을 1~2문장으로 작성.,스니펫;타이틀 링크;CTR,Google Search Central - Snippets,https://developers.google.com/search/docs/appearance/snippet,Google Search Central - Meta Tags,https://developers.google.com/search/docs/crawling-indexing/special-tags,"공식 검색엔진 문서와 구조화 데이터/분석 문서의 정의와 적용 맥락을 대조했고, 카드 표시용으로 한국어 설명을 압축함.",high,verified
SEO-085,검색 노출,SEO,스니펫,Snippet,,검색 결과에서 페이지 내용을 요약해 보여주는 설명 영역.,"검색 결과에서 페이지 내용을 요약해 보여주는 설명 영역. 실무에서는 검색 노출 맥락에서 검색엔진, 답변 엔진, 생성형 검색 시스템이 콘텐츠를 발견·이해·표시하는 방식과 연결해 관리한다.",검색어와 관련된 문장이 결과 설명에 표시.,메타 설명;리치 스니펫;SERP,Google Search Central - Snippets,https://developers.google.com/search/docs/appearance/snippet,Google Search Central - Meta Tags,https://developers.google.com/search/docs/crawling-indexing/special-tags,"공식 검색엔진 문서와 구조화 데이터/분석 문서의 정의와 적용 맥락을 대조했고, 카드 표시용으로 한국어 설명을 압축함.",high,verified
SEO-086,미디어 SEO,SEO,대체 텍스트,Alt Text,,이미지 내용을 설명하는 텍스트 속성.,"이미지 내용을 설명하는 텍스트 속성. 실무에서는 미디어 SEO 맥락에서 검색엔진, 답변 엔진, 생성형 검색 시스템이 콘텐츠를 발견·이해·표시하는 방식과 연결해 관리한다.",차트 이미지에 핵심 내용을 설명.,이미지 SEO;접근성;검색 의도,Google Search Central - Search Essentials,https://developers.google.com/search/docs/essentials,Google Search Central - SEO Starter Guide,https://developers.google.com/search/docs/fundamentals/seo-starter-guide,"공식 검색엔진 문서와 구조화 데이터/분석 문서의 정의와 적용 맥락을 대조했고, 카드 표시용으로 한국어 설명을 압축함.",high,verified
SEO-087,미디어 SEO,SEO,이미지 SEO,Image SEO,,이미지를 검색엔진과 사용자에게 잘 이해시키는 최적화.,"이미지를 검색엔진과 사용자에게 잘 이해시키는 최적화. 실무에서는 미디어 SEO 맥락에서 검색엔진, 답변 엔진, 생성형 검색 시스템이 콘텐츠를 발견·이해·표시하는 방식과 연결해 관리한다.","파일명, alt text, 크기, 구조화 데이터를 정리.",대체 텍스트;이미지 사이트맵;LCP,Google Search Central - SEO Starter Guide,https://developers.google.com/search/docs/fundamentals/seo-starter-guide,Google Search Central - Structured Data,https://developers.google.com/search/docs/appearance/structured-data/intro-structured-data,"공식 검색엔진 문서와 구조화 데이터/분석 문서의 정의와 적용 맥락을 대조했고, 카드 표시용으로 한국어 설명을 압축함.",high,verified
SEO-088,미디어 SEO,SEO,비디오 SEO,Video SEO,,동영상 콘텐츠를 검색과 동영상 기능에 잘 노출시키는 최적화.,"동영상 콘텐츠를 검색과 동영상 기능에 잘 노출시키는 최적화. 실무에서는 미디어 SEO 맥락에서 검색엔진, 답변 엔진, 생성형 검색 시스템이 콘텐츠를 발견·이해·표시하는 방식과 연결해 관리한다.","썸네일, 설명, VideoObject 마크업 제공.",VideoObject;자막;구조화 데이터,Google Search Central - SEO Starter Guide,https://developers.google.com/search/docs/fundamentals/seo-starter-guide,Google Search Central - Structured Data,https://developers.google.com/search/docs/appearance/structured-data/intro-structured-data,"공식 검색엔진 문서와 구조화 데이터/분석 문서의 정의와 적용 맥락을 대조했고, 카드 표시용으로 한국어 설명을 압축함.",high,verified
SEO-089,구조화 데이터,AEO,FAQPage,FAQPage,,질문과 답변 목록을 구조화해 표현하는 Schema.org 타입.,"질문과 답변 목록을 구조화해 표현하는 Schema.org 타입. 실무에서는 구조화 데이터 맥락에서 검색엔진, 답변 엔진, 생성형 검색 시스템이 콘텐츠를 발견·이해·표시하는 방식과 연결해 관리한다.",배송 FAQ의 질문과 답을 마크업.,FAQ;AEO;직접 답변,Schema.org - Getting Started,https://schema.org/docs/gs.html,Google Search Central - Structured Data,https://developers.google.com/search/docs/appearance/structured-data/intro-structured-data,신생 또는 산업 실무 용어라 표준화 수준을 별도 확인함. Google의 생성형 검색 가이드와 연구/공식 문서의 사용 맥락을 대조해 보수적으로 정의함.,high,verified
SEO-090,구조화 데이터,AEO,Product 구조화 데이터,Product Structured Data,,"상품명, 가격, 재고, 평점 같은 상품 정보를 구조화하는 마크업.","상품명, 가격, 재고, 평점 같은 상품 정보를 구조화하는 마크업. 실무에서는 구조화 데이터 맥락에서 검색엔진, 답변 엔진, 생성형 검색 시스템이 콘텐츠를 발견·이해·표시하는 방식과 연결해 관리한다.",상품 상세 페이지에 price와 availability를 표시.,리치 결과;전자상거래 SEO;Review,Google Search Central - Structured Data,https://developers.google.com/search/docs/appearance/structured-data/intro-structured-data,Schema.org - Getting Started,https://schema.org/docs/gs.html,신생 또는 산업 실무 용어라 표준화 수준을 별도 확인함. Google의 생성형 검색 가이드와 연구/공식 문서의 사용 맥락을 대조해 보수적으로 정의함.,high,verified
SEO-091,구조화 데이터,AEO,리뷰 스니펫,Review Snippet,,평점과 리뷰 요약이 검색 결과에 표시되는 기능.,"평점과 리뷰 요약이 검색 결과에 표시되는 기능. 실무에서는 구조화 데이터 맥락에서 검색엔진, 답변 엔진, 생성형 검색 시스템이 콘텐츠를 발견·이해·표시하는 방식과 연결해 관리한다.",제품 결과에 별점 평균과 리뷰 수 표시.,Product;리치 결과;신뢰,Google Search Central - Structured Data,https://developers.google.com/search/docs/appearance/structured-data/intro-structured-data,Schema.org - Getting Started,https://schema.org/docs/gs.html,신생 또는 산업 실무 용어라 표준화 수준을 별도 확인함. Google의 생성형 검색 가이드와 연구/공식 문서의 사용 맥락을 대조해 보수적으로 정의함.,high,verified
SEO-092,구조화 데이터,AEO,Organization 구조화 데이터,Organization Structured Data,,"조직의 이름, 로고, 연락처, 식별 정보를 구조화하는 마크업.","조직의 이름, 로고, 연락처, 식별 정보를 구조화하는 마크업. 실무에서는 구조화 데이터 맥락에서 검색엔진, 답변 엔진, 생성형 검색 시스템이 콘텐츠를 발견·이해·표시하는 방식과 연결해 관리한다.",회사 소개 페이지에 공식 로고와 URL을 표시.,엔티티;지식 패널;Schema.org,Google Search Central - Structured Data,https://developers.google.com/search/docs/appearance/structured-data/intro-structured-data,Schema.org - Getting Started,https://schema.org/docs/gs.html,신생 또는 산업 실무 용어라 표준화 수준을 별도 확인함. Google의 생성형 검색 가이드와 연구/공식 문서의 사용 맥락을 대조해 보수적으로 정의함.,high,verified
SEO-093,구조화 데이터,로컬 SEO,LocalBusiness 구조화 데이터,LocalBusiness Structured Data,,"매장 주소, 영업시간, 전화번호 등을 구조화하는 마크업.","매장 주소, 영업시간, 전화번호 등을 구조화하는 마크업. 실무에서는 구조화 데이터 맥락에서 검색엔진, 답변 엔진, 생성형 검색 시스템이 콘텐츠를 발견·이해·표시하는 방식과 연결해 관리한다.",식당 페이지에 openingHours와 address를 표시.,로컬 SEO;NAP;Google Business Profile,Google Search Central - Structured Data,https://developers.google.com/search/docs/appearance/structured-data/intro-structured-data,Schema.org - Getting Started,https://schema.org/docs/gs.html,"공식 검색엔진 문서와 구조화 데이터/분석 문서의 정의와 적용 맥락을 대조했고, 카드 표시용으로 한국어 설명을 압축함.",high,verified
SEO-094,구조화 데이터,AEO,BreadcrumbList,BreadcrumbList,,브레드크럼 경로를 구조화하는 Schema.org 타입.,"브레드크럼 경로를 구조화하는 Schema.org 타입. 실무에서는 구조화 데이터 맥락에서 검색엔진, 답변 엔진, 생성형 검색 시스템이 콘텐츠를 발견·이해·표시하는 방식과 연결해 관리한다.",홈 > 카테고리 > 상품 경로를 JSON-LD로 표시.,브레드크럼;구조화 데이터;SERP,Google Search Central - Structured Data,https://developers.google.com/search/docs/appearance/structured-data/intro-structured-data,Schema.org - Getting Started,https://schema.org/docs/gs.html,신생 또는 산업 실무 용어라 표준화 수준을 별도 확인함. Google의 생성형 검색 가이드와 연구/공식 문서의 사용 맥락을 대조해 보수적으로 정의함.,high,verified
SEO-095,국제·로컬,SEO 기술,hreflang,hreflang,,언어와 지역별 대체 페이지를 검색엔진에 알려주는 HTML 속성.,"언어와 지역별 대체 페이지를 검색엔진에 알려주는 HTML 속성. 실무에서는 국제·로컬 맥락에서 검색엔진, 답변 엔진, 생성형 검색 시스템이 콘텐츠를 발견·이해·표시하는 방식과 연결해 관리한다.",한국어 페이지와 영어 페이지를 서로 연결.,국제 SEO;x-default;다국어 사이트,Google Search Central - SEO Starter Guide,https://developers.google.com/search/docs/fundamentals/seo-starter-guide,Google Search Central - Search Essentials,https://developers.google.com/search/docs/essentials,"공식 검색엔진 문서와 구조화 데이터/분석 문서의 정의와 적용 맥락을 대조했고, 카드 표시용으로 한국어 설명을 압축함.",high,verified
SEO-096,국제·로컬,SEO,국제 SEO,International SEO,,여러 국가와 언어 사용자를 대상으로 검색 노출을 최적화하는 작업.,"여러 국가와 언어 사용자를 대상으로 검색 노출을 최적화하는 작업. 실무에서는 국제·로컬 맥락에서 검색엔진, 답변 엔진, 생성형 검색 시스템이 콘텐츠를 발견·이해·표시하는 방식과 연결해 관리한다.","한국어, 영어, 일본어 페이지의 hreflang 구성.",hreflang;지역 타겟팅;다국어,Google Search Central - SEO Starter Guide,https://developers.google.com/search/docs/fundamentals/seo-starter-guide,Google Search Central - Search Essentials,https://developers.google.com/search/docs/essentials,"공식 검색엔진 문서와 구조화 데이터/분석 문서의 정의와 적용 맥락을 대조했고, 카드 표시용으로 한국어 설명을 압축함.",high,verified
SEO-097,국제·로컬,SEO,지역 타겟팅,Geo-targeting,,특정 국가나 지역 사용자를 대상으로 콘텐츠와 신호를 맞추는 전략.,"특정 국가나 지역 사용자를 대상으로 콘텐츠와 신호를 맞추는 전략. 실무에서는 국제·로컬 맥락에서 검색엔진, 답변 엔진, 생성형 검색 시스템이 콘텐츠를 발견·이해·표시하는 방식과 연결해 관리한다.",캐나다 사용자를 위한 가격과 배송 정보를 별도 제공.,국제 SEO;로컬 SEO;hreflang,Google Search Central - SEO Starter Guide,https://developers.google.com/search/docs/fundamentals/seo-starter-guide,Google Search Console Help,https://support.google.com/webmasters/answer/9128668,"공식 검색엔진 문서와 구조화 데이터/분석 문서의 정의와 적용 맥락을 대조했고, 카드 표시용으로 한국어 설명을 압축함.",high,verified
SEO-098,국제·로컬,로컬 SEO,로컬 SEO,Local SEO,,지역 기반 검색에서 매장이나 서비스가 잘 발견되도록 하는 최적화.,"지역 기반 검색에서 매장이나 서비스가 잘 발견되도록 하는 최적화. 실무에서는 국제·로컬 맥락에서 검색엔진, 답변 엔진, 생성형 검색 시스템이 콘텐츠를 발견·이해·표시하는 방식과 연결해 관리한다.",근처 치과 검색에 병원이 노출되도록 정보 관리.,Google Business Profile;NAP;로컬 팩,Google Business Profile Help,https://support.google.com/business/answer/3038177,Google Search Central - Structured Data,https://developers.google.com/search/docs/appearance/structured-data/intro-structured-data,"공식 검색엔진 문서와 구조화 데이터/분석 문서의 정의와 적용 맥락을 대조했고, 카드 표시용으로 한국어 설명을 압축함.",high,verified
SEO-099,국제·로컬,로컬 SEO,Google 비즈니스 프로필,Google Business Profile,GBP,Google 검색과 지도에 업체 정보를 관리하는 무료 프로필.,"Google 검색과 지도에 업체 정보를 관리하는 무료 프로필. 실무에서는 국제·로컬 맥락에서 검색엔진, 답변 엔진, 생성형 검색 시스템이 콘텐츠를 발견·이해·표시하는 방식과 연결해 관리한다.",영업시간과 전화번호를 최신으로 유지.,로컬 SEO;리뷰;NAP,Google Business Profile Help,https://support.google.com/business/answer/3038177,Google Search Central - SEO Starter Guide,https://developers.google.com/search/docs/fundamentals/seo-starter-guide,"공식 검색엔진 문서와 구조화 데이터/분석 문서의 정의와 적용 맥락을 대조했고, 카드 표시용으로 한국어 설명을 압축함.",high,verified
SEO-100,국제·로컬,로컬 SEO,NAP 일관성,"Name, Address, Phone Consistency",NAP,"업체명, 주소, 전화번호가 웹 전반에서 일관되게 표시되는 상태.","업체명, 주소, 전화번호가 웹 전반에서 일관되게 표시되는 상태. 실무에서는 국제·로컬 맥락에서 검색엔진, 답변 엔진, 생성형 검색 시스템이 콘텐츠를 발견·이해·표시하는 방식과 연결해 관리한다.",홈페이지와 비즈니스 프로필의 주소를 동일하게 유지.,로컬 SEO;LocalBusiness;신뢰,Google Business Profile Help,https://support.google.com/business/answer/3038177,Google Search Central - Structured Data,https://developers.google.com/search/docs/appearance/structured-data/intro-structured-data,"공식 검색엔진 문서와 구조화 데이터/분석 문서의 정의와 적용 맥락을 대조했고, 카드 표시용으로 한국어 설명을 압축함.",high,verified
SEO-101,국제·로컬,로컬 SEO,로컬 팩,Local Pack,,지역 검색 결과에서 지도와 업체 목록을 묶어 보여주는 SERP 기능.,"지역 검색 결과에서 지도와 업체 목록을 묶어 보여주는 SERP 기능. 실무에서는 국제·로컬 맥락에서 검색엔진, 답변 엔진, 생성형 검색 시스템이 콘텐츠를 발견·이해·표시하는 방식과 연결해 관리한다.",근처 카페 검색 시 지도 아래 세 업체가 표시.,Google Business Profile;리뷰;로컬 SEO,Google Business Profile Help,https://support.google.com/business/answer/3038177,Google Search Central - SEO Starter Guide,https://developers.google.com/search/docs/fundamentals/seo-starter-guide,"공식 검색엔진 문서와 구조화 데이터/분석 문서의 정의와 적용 맥락을 대조했고, 카드 표시용으로 한국어 설명을 압축함.",high,verified
SEO-102,국제·로컬,로컬 SEO,리뷰,Reviews,,사용자 평가와 경험이 담긴 평점·후기 콘텐츠.,"사용자 평가와 경험이 담긴 평점·후기 콘텐츠. 실무에서는 국제·로컬 맥락에서 검색엔진, 답변 엔진, 생성형 검색 시스템이 콘텐츠를 발견·이해·표시하는 방식과 연결해 관리한다.",고객 후기에 답변하고 허위 리뷰를 신고.,Review Snippet;로컬 SEO;E-E-A-T,Google Business Profile Help,https://support.google.com/business/answer/3038177,Google Search Central - Structured Data,https://developers.google.com/search/docs/appearance/structured-data/intro-structured-data,"공식 검색엔진 문서와 구조화 데이터/분석 문서의 정의와 적용 맥락을 대조했고, 카드 표시용으로 한국어 설명을 압축함.",high,verified
SEO-103,분석·성과,SEO 지표,노출수,Impressions,,검색 결과에 사이트가 사용자에게 표시된 횟수.,"검색 결과에 사이트가 사용자에게 표시된 횟수. 실무에서는 분석·성과 맥락에서 검색엔진, 답변 엔진, 생성형 검색 시스템이 콘텐츠를 발견·이해·표시하는 방식과 연결해 관리한다.",Search Console에서 특정 쿼리 노출수 확인.,클릭수;CTR;평균 게재순위,Google Search Console Help,https://support.google.com/webmasters/answer/9128668,Google Analytics Help - Google Analytics,https://support.google.com/analytics/answer/10089681,"공식 검색엔진 문서와 구조화 데이터/분석 문서의 정의와 적용 맥락을 대조했고, 카드 표시용으로 한국어 설명을 압축함.",high,verified
SEO-104,분석·성과,SEO 지표,클릭수,Clicks,,검색 결과에서 사용자가 사이트를 클릭한 횟수.,"검색 결과에서 사용자가 사이트를 클릭한 횟수. 실무에서는 분석·성과 맥락에서 검색엔진, 답변 엔진, 생성형 검색 시스템이 콘텐츠를 발견·이해·표시하는 방식과 연결해 관리한다.",검색 결과 클릭이 지난달보다 20% 증가.,노출수;CTR;자연 검색,Google Search Console Help,https://support.google.com/webmasters/answer/9128668,Google Analytics Help - Google Analytics,https://support.google.com/analytics/answer/10089681,"공식 검색엔진 문서와 구조화 데이터/분석 문서의 정의와 적용 맥락을 대조했고, 카드 표시용으로 한국어 설명을 압축함.",high,verified
SEO-105,분석·성과,SEO 지표,클릭률,Click-through Rate,CTR,노출 대비 클릭이 발생한 비율.,"노출 대비 클릭이 발생한 비율. 실무에서는 분석·성과 맥락에서 검색엔진, 답변 엔진, 생성형 검색 시스템이 콘텐츠를 발견·이해·표시하는 방식과 연결해 관리한다.",타이틀 링크 개선 후 CTR 상승.,노출수;클릭수;스니펫,Google Search Console Help,https://support.google.com/webmasters/answer/9128668,Google Search Central - Snippets,https://developers.google.com/search/docs/appearance/snippet,"공식 검색엔진 문서와 구조화 데이터/분석 문서의 정의와 적용 맥락을 대조했고, 카드 표시용으로 한국어 설명을 압축함.",high,verified
SEO-106,분석·성과,SEO 지표,평균 게재순위,Average Position,,Search Console에서 쿼리나 페이지의 평균 검색 결과 위치.,"Search Console에서 쿼리나 페이지의 평균 검색 결과 위치. 실무에서는 분석·성과 맥락에서 검색엔진, 답변 엔진, 생성형 검색 시스템이 콘텐츠를 발견·이해·표시하는 방식과 연결해 관리한다.",핵심 키워드 평균 게재순위가 8.4로 개선.,노출수;클릭수;순위 추적,Google Search Console Help,https://support.google.com/webmasters/answer/9128668,Google Analytics Help - Google Analytics,https://support.google.com/analytics/answer/10089681,"공식 검색엔진 문서와 구조화 데이터/분석 문서의 정의와 적용 맥락을 대조했고, 카드 표시용으로 한국어 설명을 압축함.",high,verified
SEO-107,분석·성과,SEO 지표,세션,Session,,사용자가 일정 시간 동안 사이트와 상호작용한 방문 단위.,"사용자가 일정 시간 동안 사이트와 상호작용한 방문 단위. 실무에서는 분석·성과 맥락에서 검색엔진, 답변 엔진, 생성형 검색 시스템이 콘텐츠를 발견·이해·표시하는 방식과 연결해 관리한다.",자연 검색 유입 세션을 GA4에서 확인.,사용자;이벤트;전환,Google Analytics Help - Google Analytics,https://support.google.com/analytics/answer/10089681,Google Search Console Help,https://support.google.com/webmasters/answer/9128668,"공식 검색엔진 문서와 구조화 데이터/분석 문서의 정의와 적용 맥락을 대조했고, 카드 표시용으로 한국어 설명을 압축함.",high,verified
SEO-108,분석·성과,SEO 지표,핵심 이벤트,Key Event,,비즈니스 목표에 중요한 GA4 이벤트.,"비즈니스 목표에 중요한 GA4 이벤트. 실무에서는 분석·성과 맥락에서 검색엔진, 답변 엔진, 생성형 검색 시스템이 콘텐츠를 발견·이해·표시하는 방식과 연결해 관리한다.",문의 완료와 구매를 핵심 이벤트로 지정.,전환;GA4;성과 측정,Google Analytics Help - Google Analytics,https://support.google.com/analytics/answer/10089681,Google Search Console Help,https://support.google.com/webmasters/answer/9128668,"공식 검색엔진 문서와 구조화 데이터/분석 문서의 정의와 적용 맥락을 대조했고, 카드 표시용으로 한국어 설명을 압축함.",high,verified
SEO-109,분석·성과,SEO 지표,전환,Conversion,,사용자가 비즈니스 목표에 해당하는 행동을 완료한 것.,"사용자가 비즈니스 목표에 해당하는 행동을 완료한 것. 실무에서는 분석·성과 맥락에서 검색엔진, 답변 엔진, 생성형 검색 시스템이 콘텐츠를 발견·이해·표시하는 방식과 연결해 관리한다.",자연 검색 방문자가 상담 신청서를 제출.,핵심 이벤트;거래형 의도;랜딩 페이지,Google Analytics Help - Google Analytics,https://support.google.com/analytics/answer/10089681,Google Search Console Help,https://support.google.com/webmasters/answer/9128668,"공식 검색엔진 문서와 구조화 데이터/분석 문서의 정의와 적용 맥락을 대조했고, 카드 표시용으로 한국어 설명을 압축함.",high,verified
SEO-110,분석·성과,SEO 지표,랜딩 페이지,Landing Page,,사용자가 검색 결과나 링크를 통해 처음 도착하는 페이지.,"사용자가 검색 결과나 링크를 통해 처음 도착하는 페이지. 실무에서는 분석·성과 맥락에서 검색엔진, 답변 엔진, 생성형 검색 시스템이 콘텐츠를 발견·이해·표시하는 방식과 연결해 관리한다.",검색 유입의 첫 페이지별 전환율 분석.,검색 의도;전환;GA4,Google Analytics Help - Google Analytics,https://support.google.com/analytics/answer/10089681,Google Search Console Help,https://support.google.com/webmasters/answer/9128668,"공식 검색엔진 문서와 구조화 데이터/분석 문서의 정의와 적용 맥락을 대조했고, 카드 표시용으로 한국어 설명을 압축함.",high,verified
SEO-111,분석·성과,SEO 지표,검색 트래픽 하락,Search Traffic Drop,,검색 유입이 평소보다 의미 있게 줄어든 상태.,"검색 유입이 평소보다 의미 있게 줄어든 상태. 실무에서는 분석·성과 맥락에서 검색엔진, 답변 엔진, 생성형 검색 시스템이 콘텐츠를 발견·이해·표시하는 방식과 연결해 관리한다.",업데이트 이후 특정 디렉터리 클릭이 감소.,Search Console;색인;순위 업데이트,Google Search Console Help,https://support.google.com/webmasters/answer/9128668,Google Search Central - SEO Starter Guide,https://developers.google.com/search/docs/fundamentals/seo-starter-guide,"공식 검색엔진 문서와 구조화 데이터/분석 문서의 정의와 적용 맥락을 대조했고, 카드 표시용으로 한국어 설명을 압축함.",high,verified
SEO-112,분석·성과,SEO,코어 업데이트,Core Update,,Google의 핵심 순위 시스템에 대한 광범위한 변경.,"Google의 핵심 순위 시스템에 대한 광범위한 변경. 실무에서는 분석·성과 맥락에서 검색엔진, 답변 엔진, 생성형 검색 시스템이 콘텐츠를 발견·이해·표시하는 방식과 연결해 관리한다.",콘텐츠 품질 재평가로 순위가 변동.,순위 업데이트;도움되는 콘텐츠;E-E-A-T,Google Search Central - SEO Starter Guide,https://developers.google.com/search/docs/fundamentals/seo-starter-guide,"Google Search Central - Helpful, Reliable, People-first Content",https://developers.google.com/search/docs/fundamentals/creating-helpful-content,"공식 검색엔진 문서와 구조화 데이터/분석 문서의 정의와 적용 맥락을 대조했고, 카드 표시용으로 한국어 설명을 압축함.",high,verified
SEO-113,스팸·위험,SEO 리스크,스팸 정책,Spam Policies,,검색 결과 품질을 해치는 조작 행위를 제한하는 검색엔진 정책.,"검색 결과 품질을 해치는 조작 행위를 제한하는 검색엔진 정책. 실무에서는 스팸·위험 맥락에서 검색엔진, 답변 엔진, 생성형 검색 시스템이 콘텐츠를 발견·이해·표시하는 방식과 연결해 관리한다.",자동 생성 저품질 페이지를 대량 게시하지 않음.,스케일 콘텐츠 남용;클로킹;링크 스팸,Google Search Central - Spam Policies,https://developers.google.com/search/docs/essentials/spam-policies,Google Search Central - Search Essentials,https://developers.google.com/search/docs/essentials,"공식 검색엔진 문서와 구조화 데이터/분석 문서의 정의와 적용 맥락을 대조했고, 카드 표시용으로 한국어 설명을 압축함.",high,verified
SEO-114,스팸·위험,SEO 리스크,키워드 스터핑,Keyword Stuffing,,순위 조작을 위해 키워드를 부자연스럽게 반복하는 행위.,"순위 조작을 위해 키워드를 부자연스럽게 반복하는 행위. 실무에서는 스팸·위험 맥락에서 검색엔진, 답변 엔진, 생성형 검색 시스템이 콘텐츠를 발견·이해·표시하는 방식과 연결해 관리한다.",본문에 같은 지역명과 서비스명을 과도하게 반복.,스팸 정책;검색 의도;콘텐츠 품질,Google Search Central - Spam Policies,https://developers.google.com/search/docs/essentials/spam-policies,"Google Search Central - Helpful, Reliable, People-first Content",https://developers.google.com/search/docs/fundamentals/creating-helpful-content,"공식 검색엔진 문서와 구조화 데이터/분석 문서의 정의와 적용 맥락을 대조했고, 카드 표시용으로 한국어 설명을 압축함.",high,verified
SEO-115,스팸·위험,SEO 리스크,클로킹,Cloaking,,사용자와 검색엔진에 서로 다른 콘텐츠를 보여주는 조작.,"사용자와 검색엔진에 서로 다른 콘텐츠를 보여주는 조작. 실무에서는 스팸·위험 맥락에서 검색엔진, 답변 엔진, 생성형 검색 시스템이 콘텐츠를 발견·이해·표시하는 방식과 연결해 관리한다.","Googlebot에는 정보 글, 사용자에게는 광고만 표시.",스팸 정책;리디렉션;크롤러,Google Search Central - Spam Policies,https://developers.google.com/search/docs/essentials/spam-policies,Google Search Central - Search Essentials,https://developers.google.com/search/docs/essentials,"공식 검색엔진 문서와 구조화 데이터/분석 문서의 정의와 적용 맥락을 대조했고, 카드 표시용으로 한국어 설명을 압축함.",high,verified
SEO-116,스팸·위험,SEO 리스크,도어웨이 페이지,Doorway Page,,비슷한 검색어를 노리고 사용자를 같은 목적지로 보내는 저품질 페이지.,"비슷한 검색어를 노리고 사용자를 같은 목적지로 보내는 저품질 페이지. 실무에서는 스팸·위험 맥락에서 검색엔진, 답변 엔진, 생성형 검색 시스템이 콘텐츠를 발견·이해·표시하는 방식과 연결해 관리한다.",지역명만 바꾼 수백 개 서비스 페이지 생성.,스팸 정책;스케일 콘텐츠 남용;검색 의도,Google Search Central - Spam Policies,https://developers.google.com/search/docs/essentials/spam-policies,"Google Search Central - Helpful, Reliable, People-first Content",https://developers.google.com/search/docs/fundamentals/creating-helpful-content,"공식 검색엔진 문서와 구조화 데이터/분석 문서의 정의와 적용 맥락을 대조했고, 카드 표시용으로 한국어 설명을 압축함.",high,verified
SEO-117,스팸·위험,SEO 리스크,스케일 콘텐츠 남용,Scaled Content Abuse,,검색 조작을 위해 대량의 저가치 콘텐츠를 생성하는 행위.,"검색 조작을 위해 대량의 저가치 콘텐츠를 생성하는 행위. 실무에서는 스팸·위험 맥락에서 검색엔진, 답변 엔진, 생성형 검색 시스템이 콘텐츠를 발견·이해·표시하는 방식과 연결해 관리한다.",AI로 만든 유사 페이지를 수천 개 게시.,도움되는 콘텐츠;GEO;스팸 정책,Google Search Central - Spam Policies,https://developers.google.com/search/docs/essentials/spam-policies,Google Search Central - Optimizing for Generative AI Search,https://developers.google.com/search/docs/fundamentals/ai-optimization-guide,"공식 검색엔진 문서와 구조화 데이터/분석 문서의 정의와 적용 맥락을 대조했고, 카드 표시용으로 한국어 설명을 압축함.",high,verified
SEO-118,스팸·위험,SEO 리스크,사이트 평판 남용,Site Reputation Abuse,,강한 도메인의 평판을 빌려 관련 없는 제3자 콘텐츠를 노출시키는 행위.,"강한 도메인의 평판을 빌려 관련 없는 제3자 콘텐츠를 노출시키는 행위. 실무에서는 스팸·위험 맥락에서 검색엔진, 답변 엔진, 생성형 검색 시스템이 콘텐츠를 발견·이해·표시하는 방식과 연결해 관리한다.",뉴스 사이트 하위 폴더에 무관한 쿠폰 페이지 게시.,스팸 정책;기생 SEO;신뢰,Google Search Central - Spam Policies,https://developers.google.com/search/docs/essentials/spam-policies,"Google Search Central - Helpful, Reliable, People-first Content",https://developers.google.com/search/docs/fundamentals/creating-helpful-content,"공식 검색엔진 문서와 구조화 데이터/분석 문서의 정의와 적용 맥락을 대조했고, 카드 표시용으로 한국어 설명을 압축함.",high,verified
SEO-119,스팸·위험,SEO 리스크,만료 도메인 남용,Expired Domain Abuse,,만료 도메인의 기존 평판을 이용해 저품질 콘텐츠 순위를 조작하는 행위.,"만료 도메인의 기존 평판을 이용해 저품질 콘텐츠 순위를 조작하는 행위. 실무에서는 스팸·위험 맥락에서 검색엔진, 답변 엔진, 생성형 검색 시스템이 콘텐츠를 발견·이해·표시하는 방식과 연결해 관리한다.",옛 교육기관 도메인에 카지노 글을 올림.,스팸 정책;도메인 평판;링크 스팸,Google Search Central - Spam Policies,https://developers.google.com/search/docs/essentials/spam-policies,Google Search Central - Search Essentials,https://developers.google.com/search/docs/essentials,"공식 검색엔진 문서와 구조화 데이터/분석 문서의 정의와 적용 맥락을 대조했고, 카드 표시용으로 한국어 설명을 압축함.",high,verified
SEO-120,스팸·위험,SEO 리스크,링크 스팸,Link Spam,,"순위 조작을 위해 링크를 구매, 교환, 자동 생성하는 행위.","순위 조작을 위해 링크를 구매, 교환, 자동 생성하는 행위. 실무에서는 스팸·위험 맥락에서 검색엔진, 답변 엔진, 생성형 검색 시스템이 콘텐츠를 발견·이해·표시하는 방식과 연결해 관리한다.",유료 링크 네트워크로 백링크를 대량 확보.,nofollow;sponsored;백링크,Google Search Central - Spam Policies,https://developers.google.com/search/docs/essentials/spam-policies,Google Search Central - SEO Starter Guide,https://developers.google.com/search/docs/fundamentals/seo-starter-guide,"공식 검색엔진 문서와 구조화 데이터/분석 문서의 정의와 적용 맥락을 대조했고, 카드 표시용으로 한국어 설명을 압축함.",high,verified
SEO-121,스팸·위험,SEO 리스크,얇은 제휴 콘텐츠,Thin Affiliate,,실질적 가치 없이 제휴 링크만 제공하는 얕은 콘텐츠.,"실질적 가치 없이 제휴 링크만 제공하는 얕은 콘텐츠. 실무에서는 스팸·위험 맥락에서 검색엔진, 답변 엔진, 생성형 검색 시스템이 콘텐츠를 발견·이해·표시하는 방식과 연결해 관리한다.",상품 설명을 복사하고 구매 링크만 붙임.,콘텐츠 품질;스팸 정책;전환,Google Search Central - Spam Policies,https://developers.google.com/search/docs/essentials/spam-policies,"Google Search Central - Helpful, Reliable, People-first Content",https://developers.google.com/search/docs/fundamentals/creating-helpful-content,"공식 검색엔진 문서와 구조화 데이터/분석 문서의 정의와 적용 맥락을 대조했고, 카드 표시용으로 한국어 설명을 압축함.",high,verified
SEO-122,스팸·위험,SEO 리스크,스크랩 콘텐츠,Scraped Content,,다른 사이트 콘텐츠를 무단 복사해 만든 저가치 콘텐츠.,"다른 사이트 콘텐츠를 무단 복사해 만든 저가치 콘텐츠. 실무에서는 스팸·위험 맥락에서 검색엔진, 답변 엔진, 생성형 검색 시스템이 콘텐츠를 발견·이해·표시하는 방식과 연결해 관리한다.",기사 내용을 그대로 긁어와 재게시.,중복 콘텐츠;스팸 정책;저작권,Google Search Central - Spam Policies,https://developers.google.com/search/docs/essentials/spam-policies,"Google Search Central - Helpful, Reliable, People-first Content",https://developers.google.com/search/docs/fundamentals/creating-helpful-content,"공식 검색엔진 문서와 구조화 데이터/분석 문서의 정의와 적용 맥락을 대조했고, 카드 표시용으로 한국어 설명을 압축함.",high,verified
SEO-123,AEO,AEO,답변 엔진 최적화,Answer Engine Optimization,AEO,검색이나 AI 답변에서 직접 답으로 선택되도록 콘텐츠를 설계하는 접근.,"검색이나 AI 답변에서 직접 답으로 선택되도록 콘텐츠를 설계하는 접근. 실무에서는 AEO 맥락에서 검색엔진, 답변 엔진, 생성형 검색 시스템이 콘텐츠를 발견·이해·표시하는 방식과 연결해 관리한다.",질문-답 구조와 근거를 명확히 제공.,추천 스니펫;FAQ;GEO,Google Search Central - Optimizing for Generative AI Search,https://developers.google.com/search/docs/fundamentals/ai-optimization-guide,Generative Engine Optimization,https://arxiv.org/abs/2509.08919,신생 또는 산업 실무 용어라 표준화 수준을 별도 확인함. Google의 생성형 검색 가이드와 연구/공식 문서의 사용 맥락을 대조해 보수적으로 정의함.,medium,verified
SEO-124,AEO,AEO,답변 엔진,Answer Engine,,링크 목록보다 질문에 대한 직접 답을 제공하는 검색·AI 시스템.,"링크 목록보다 질문에 대한 직접 답을 제공하는 검색·AI 시스템. 실무에서는 AEO 맥락에서 검색엔진, 답변 엔진, 생성형 검색 시스템이 콘텐츠를 발견·이해·표시하는 방식과 연결해 관리한다.",AI 챗봇이나 검색 요약이 답을 바로 제시.,AEO;직접 답변;AI 검색,Google Search Central - Optimizing for Generative AI Search,https://developers.google.com/search/docs/fundamentals/ai-optimization-guide,Measuring Google AI Overviews,https://arxiv.org/abs/2605.14021,신생 또는 산업 실무 용어라 표준화 수준을 별도 확인함. Google의 생성형 검색 가이드와 연구/공식 문서의 사용 맥락을 대조해 보수적으로 정의함.,medium,verified
SEO-125,AEO,AEO,직접 답변,Direct Answer,,사용자가 클릭 전에 검색 결과나 AI 응답에서 받는 간결한 답.,"사용자가 클릭 전에 검색 결과나 AI 응답에서 받는 간결한 답. 실무에서는 AEO 맥락에서 검색엔진, 답변 엔진, 생성형 검색 시스템이 콘텐츠를 발견·이해·표시하는 방식과 연결해 관리한다.",영업시간 질문에 결과 화면에서 바로 답 표시.,추천 스니펫;제로 클릭;AEO,Google Search Central - Snippets,https://developers.google.com/search/docs/appearance/snippet,Google Search Central - Optimizing for Generative AI Search,https://developers.google.com/search/docs/fundamentals/ai-optimization-guide,신생 또는 산업 실무 용어라 표준화 수준을 별도 확인함. Google의 생성형 검색 가이드와 연구/공식 문서의 사용 맥락을 대조해 보수적으로 정의함.,high,verified
SEO-126,AEO,AEO,제로 클릭 검색,Zero-click Search,,사용자가 결과 페이지에서 답을 얻어 사이트를 클릭하지 않는 검색.,"사용자가 결과 페이지에서 답을 얻어 사이트를 클릭하지 않는 검색. 실무에서는 AEO 맥락에서 검색엔진, 답변 엔진, 생성형 검색 시스템이 콘텐츠를 발견·이해·표시하는 방식과 연결해 관리한다.","날씨, 계산, 짧은 정의를 결과 화면에서 해결.",직접 답변;AI Overview;CTR,Google Search Central - Snippets,https://developers.google.com/search/docs/appearance/snippet,Measuring Google AI Overviews,https://arxiv.org/abs/2605.14021,신생 또는 산업 실무 용어라 표준화 수준을 별도 확인함. Google의 생성형 검색 가이드와 연구/공식 문서의 사용 맥락을 대조해 보수적으로 정의함.,medium,verified
SEO-127,AEO,AEO,관련 질문,People Also Ask,PAA,검색 결과에서 관련 질문과 답을 확장해 보여주는 기능.,"검색 결과에서 관련 질문과 답을 확장해 보여주는 기능. 실무에서는 AEO 맥락에서 검색엔진, 답변 엔진, 생성형 검색 시스템이 콘텐츠를 발견·이해·표시하는 방식과 연결해 관리한다.",SEO란 무엇인가 아래에 관련 질문이 표시.,FAQ;검색 의도;AEO,Google Search Central - Snippets,https://developers.google.com/search/docs/appearance/snippet,"Google Search Central - Helpful, Reliable, People-first Content",https://developers.google.com/search/docs/fundamentals/creating-helpful-content,신생 또는 산업 실무 용어라 표준화 수준을 별도 확인함. Google의 생성형 검색 가이드와 연구/공식 문서의 사용 맥락을 대조해 보수적으로 정의함.,high,verified
SEO-128,AEO,AEO,FAQ,Frequently Asked Questions,FAQ,사용자가 자주 묻는 질문과 짧은 답변을 묶은 콘텐츠 형식.,"사용자가 자주 묻는 질문과 짧은 답변을 묶은 콘텐츠 형식. 실무에서는 AEO 맥락에서 검색엔진, 답변 엔진, 생성형 검색 시스템이 콘텐츠를 발견·이해·표시하는 방식과 연결해 관리한다.","배송, 환불, 설치 질문을 한 페이지에 정리.",FAQPage;AEO;직접 답변,Schema.org - Getting Started,https://schema.org/docs/gs.html,"Google Search Central - Helpful, Reliable, People-first Content",https://developers.google.com/search/docs/fundamentals/creating-helpful-content,신생 또는 산업 실무 용어라 표준화 수준을 별도 확인함. Google의 생성형 검색 가이드와 연구/공식 문서의 사용 맥락을 대조해 보수적으로 정의함.,high,verified
SEO-129,AEO,AEO,질문-답 콘텐츠,Question-and-answer Content,Q&A,질문과 답변 쌍으로 구성해 의도와 답을 명확히 하는 콘텐츠.,"질문과 답변 쌍으로 구성해 의도와 답을 명확히 하는 콘텐츠. 실무에서는 AEO 맥락에서 검색엔진, 답변 엔진, 생성형 검색 시스템이 콘텐츠를 발견·이해·표시하는 방식과 연결해 관리한다.",각 섹션 제목을 실제 질문으로 작성.,FAQ;PAA;AEO,"Google Search Central - Helpful, Reliable, People-first Content",https://developers.google.com/search/docs/fundamentals/creating-helpful-content,Google Search Central - Optimizing for Generative AI Search,https://developers.google.com/search/docs/fundamentals/ai-optimization-guide,신생 또는 산업 실무 용어라 표준화 수준을 별도 확인함. Google의 생성형 검색 가이드와 연구/공식 문서의 사용 맥락을 대조해 보수적으로 정의함.,high,verified
SEO-130,AEO,AEO,대화형 쿼리,Conversational Query,,자연어 문장처럼 길고 맥락이 있는 검색 질의.,"자연어 문장처럼 길고 맥락이 있는 검색 질의. 실무에서는 AEO 맥락에서 검색엔진, 답변 엔진, 생성형 검색 시스템이 콘텐츠를 발견·이해·표시하는 방식과 연결해 관리한다.",내 상황에서 어떤 보험을 골라야 해라고 질문.,자연어 쿼리;AI Mode;검색 의도,Google Search Central - Optimizing for Generative AI Search,https://developers.google.com/search/docs/fundamentals/ai-optimization-guide,Measuring Google AI Overviews,https://arxiv.org/abs/2605.14021,신생 또는 산업 실무 용어라 표준화 수준을 별도 확인함. Google의 생성형 검색 가이드와 연구/공식 문서의 사용 맥락을 대조해 보수적으로 정의함.,high,verified
SEO-131,AEO,AEO,자연어 쿼리,Natural Language Query,,키워드 조합보다 사람 말에 가까운 문장형 질의.,"키워드 조합보다 사람 말에 가까운 문장형 질의. 실무에서는 AEO 맥락에서 검색엔진, 답변 엔진, 생성형 검색 시스템이 콘텐츠를 발견·이해·표시하는 방식과 연결해 관리한다.",서울에서 아이와 갈 만한 실내 장소 추천.,대화형 쿼리;AEO;AI 검색,Google Search Central - Optimizing for Generative AI Search,https://developers.google.com/search/docs/fundamentals/ai-optimization-guide,Google Search Console Help,https://support.google.com/webmasters/answer/9128668,신생 또는 산업 실무 용어라 표준화 수준을 별도 확인함. Google의 생성형 검색 가이드와 연구/공식 문서의 사용 맥락을 대조해 보수적으로 정의함.,high,verified
SEO-132,AEO,AEO,음성 검색,Voice Search,,음성 입력으로 검색 질의를 수행하는 방식.,"음성 입력으로 검색 질의를 수행하는 방식. 실무에서는 AEO 맥락에서 검색엔진, 답변 엔진, 생성형 검색 시스템이 콘텐츠를 발견·이해·표시하는 방식과 연결해 관리한다.",스마트폰에 근처 약국 문 열었어라고 묻기.,자연어 쿼리;로컬 SEO;AEO,Google Search Central - SEO Starter Guide,https://developers.google.com/search/docs/fundamentals/seo-starter-guide,"Google Search Central - Helpful, Reliable, People-first Content",https://developers.google.com/search/docs/fundamentals/creating-helpful-content,신생 또는 산업 실무 용어라 표준화 수준을 별도 확인함. Google의 생성형 검색 가이드와 연구/공식 문서의 사용 맥락을 대조해 보수적으로 정의함.,high,verified
SEO-133,AEO,AEO,Speakable 구조화 데이터,Speakable Structured Data,,음성 재생에 적합한 텍스트 부분을 표시하는 구조화 데이터.,"음성 재생에 적합한 텍스트 부분을 표시하는 구조화 데이터. 실무에서는 AEO 맥락에서 검색엔진, 답변 엔진, 생성형 검색 시스템이 콘텐츠를 발견·이해·표시하는 방식과 연결해 관리한다.",뉴스 기사 중 핵심 요약 문장을 speakable로 표시.,음성 검색;구조화 데이터;AEO,Google Search Central - Structured Data,https://developers.google.com/search/docs/appearance/structured-data/intro-structured-data,Schema.org - Getting Started,https://schema.org/docs/gs.html,신생 또는 산업 실무 용어라 표준화 수준을 별도 확인함. Google의 생성형 검색 가이드와 연구/공식 문서의 사용 맥락을 대조해 보수적으로 정의함.,high,verified
SEO-134,GEO,GEO,생성형 엔진 최적화,Generative Engine Optimization,GEO,생성형 AI 검색과 답변에서 콘텐츠가 인용·노출되도록 최적화하는 접근.,"생성형 AI 검색과 답변에서 콘텐츠가 인용·노출되도록 최적화하는 접근. 실무에서는 GEO 맥락에서 검색엔진, 답변 엔진, 생성형 검색 시스템이 콘텐츠를 발견·이해·표시하는 방식과 연결해 관리한다.",독창적 근거와 명확한 구조로 AI 답변 출처 가능성 개선.,AEO;AI Overview;출처 표시,Generative Engine Optimization,https://arxiv.org/abs/2509.08919,Google Search Central - Optimizing for Generative AI Search,https://developers.google.com/search/docs/fundamentals/ai-optimization-guide,신생 또는 산업 실무 용어라 표준화 수준을 별도 확인함. Google의 생성형 검색 가이드와 연구/공식 문서의 사용 맥락을 대조해 보수적으로 정의함.,medium,verified
SEO-135,GEO,GEO,생성형 AI 검색,Generative AI Search,,AI가 검색 결과를 종합해 답변과 링크를 함께 제공하는 검색 경험.,"AI가 검색 결과를 종합해 답변과 링크를 함께 제공하는 검색 경험. 실무에서는 GEO 맥락에서 검색엔진, 답변 엔진, 생성형 검색 시스템이 콘텐츠를 발견·이해·표시하는 방식과 연결해 관리한다.",AI Overview가 여러 출처를 요약해 답변.,AI Overview;AI Mode;RAG,Google Search Central - Optimizing for Generative AI Search,https://developers.google.com/search/docs/fundamentals/ai-optimization-guide,Measuring Google AI Overviews,https://arxiv.org/abs/2605.14021,신생 또는 산업 실무 용어라 표준화 수준을 별도 확인함. Google의 생성형 검색 가이드와 연구/공식 문서의 사용 맥락을 대조해 보수적으로 정의함.,high,verified
SEO-136,GEO,GEO,AI Overview,AI Overview,AIO,Google 검색에서 AI가 여러 출처를 종합해 보여주는 요약 답변.,"Google 검색에서 AI가 여러 출처를 종합해 보여주는 요약 답변. 실무에서는 GEO 맥락에서 검색엔진, 답변 엔진, 생성형 검색 시스템이 콘텐츠를 발견·이해·표시하는 방식과 연결해 관리한다.",복잡한 질문에 요약과 관련 링크가 표시.,GEO;AI Mode;제로 클릭,Google Search Central - Optimizing for Generative AI Search,https://developers.google.com/search/docs/fundamentals/ai-optimization-guide,Measuring Google AI Overviews,https://arxiv.org/abs/2605.14021,신생 또는 산업 실무 용어라 표준화 수준을 별도 확인함. Google의 생성형 검색 가이드와 연구/공식 문서의 사용 맥락을 대조해 보수적으로 정의함.,high,verified
SEO-137,GEO,GEO,AI Mode,AI Mode,,Google 검색의 대화형 생성 AI 검색 경험.,"Google 검색의 대화형 생성 AI 검색 경험. 실무에서는 GEO 맥락에서 검색엔진, 답변 엔진, 생성형 검색 시스템이 콘텐츠를 발견·이해·표시하는 방식과 연결해 관리한다.",추가 질문을 이어가며 검색 답변을 탐색.,AI Overview;대화형 쿼리;생성형 검색,Google Search Central - Optimizing for Generative AI Search,https://developers.google.com/search/docs/fundamentals/ai-optimization-guide,Measuring Google AI Overviews,https://arxiv.org/abs/2605.14021,신생 또는 산업 실무 용어라 표준화 수준을 별도 확인함. Google의 생성형 검색 가이드와 연구/공식 문서의 사용 맥락을 대조해 보수적으로 정의함.,high,verified
SEO-138,GEO,GEO,검색 생성 경험,Search Generative Experience,SGE,Google이 AI Overview 전 단계에서 실험한 생성형 검색 경험.,"Google이 AI Overview 전 단계에서 실험한 생성형 검색 경험. 실무에서는 GEO 맥락에서 검색엔진, 답변 엔진, 생성형 검색 시스템이 콘텐츠를 발견·이해·표시하는 방식과 연결해 관리한다.",초기 실험에서 AI 요약과 후속 질문을 제공.,AI Overview;AI Mode;GEO,Google Search Central - Optimizing for Generative AI Search,https://developers.google.com/search/docs/fundamentals/ai-optimization-guide,Measuring Google AI Overviews,https://arxiv.org/abs/2605.14021,신생 또는 산업 실무 용어라 표준화 수준을 별도 확인함. Google의 생성형 검색 가이드와 연구/공식 문서의 사용 맥락을 대조해 보수적으로 정의함.,medium,verified
SEO-139,GEO,GEO,검색 기반 생성,Retrieval-Augmented Generation,RAG,검색한 문서 근거를 사용해 AI 답변의 정확성과 최신성을 높이는 방식.,"검색한 문서 근거를 사용해 AI 답변의 정확성과 최신성을 높이는 방식. 실무에서는 GEO 맥락에서 검색엔진, 답변 엔진, 생성형 검색 시스템이 콘텐츠를 발견·이해·표시하는 방식과 연결해 관리한다.",검색 색인에서 페이지를 찾고 답변 생성에 반영.,그라운딩;AI Overview;쿼리 팬아웃,Google Search Central - Optimizing for Generative AI Search,https://developers.google.com/search/docs/fundamentals/ai-optimization-guide,Generative Engine Optimization,https://arxiv.org/abs/2509.08919,신생 또는 산업 실무 용어라 표준화 수준을 별도 확인함. Google의 생성형 검색 가이드와 연구/공식 문서의 사용 맥락을 대조해 보수적으로 정의함.,high,verified
SEO-140,GEO,GEO,그라운딩,Grounding,,AI 답변을 검색 결과나 문서 근거에 연결하는 과정.,"AI 답변을 검색 결과나 문서 근거에 연결하는 과정. 실무에서는 GEO 맥락에서 검색엔진, 답변 엔진, 생성형 검색 시스템이 콘텐츠를 발견·이해·표시하는 방식과 연결해 관리한다.",제품 정책 문서를 근거로 답변 생성.,RAG;출처 표시;AI 검색,Google Search Central - Optimizing for Generative AI Search,https://developers.google.com/search/docs/fundamentals/ai-optimization-guide,Generative Engine Optimization,https://arxiv.org/abs/2509.08919,신생 또는 산업 실무 용어라 표준화 수준을 별도 확인함. Google의 생성형 검색 가이드와 연구/공식 문서의 사용 맥락을 대조해 보수적으로 정의함.,high,verified
SEO-141,GEO,GEO,쿼리 팬아웃,Query Fan-out,,AI가 원래 질문과 관련된 여러 보조 쿼리를 동시에 생성해 검색하는 방식.,"AI가 원래 질문과 관련된 여러 보조 쿼리를 동시에 생성해 검색하는 방식. 실무에서는 GEO 맥락에서 검색엔진, 답변 엔진, 생성형 검색 시스템이 콘텐츠를 발견·이해·표시하는 방식과 연결해 관리한다.","잔디 잡초 제거 질문에서 예방, 제초제, 천연 방법을 함께 검색.",AI Mode;RAG;검색 의도,Google Search Central - Optimizing for Generative AI Search,https://developers.google.com/search/docs/fundamentals/ai-optimization-guide,Measuring Google AI Overviews,https://arxiv.org/abs/2605.14021,신생 또는 산업 실무 용어라 표준화 수준을 별도 확인함. Google의 생성형 검색 가이드와 연구/공식 문서의 사용 맥락을 대조해 보수적으로 정의함.,high,verified
SEO-142,GEO,GEO,AI 인용,AI Citation,,생성형 검색 답변이 근거로 연결하거나 표시하는 출처 링크.,"생성형 검색 답변이 근거로 연결하거나 표시하는 출처 링크. 실무에서는 GEO 맥락에서 검색엔진, 답변 엔진, 생성형 검색 시스템이 콘텐츠를 발견·이해·표시하는 방식과 연결해 관리한다.",AI Overview 답변 옆에 내 가이드가 링크됨.,출처 표시;GEO;AI Overview,Google Search Central - Optimizing for Generative AI Search,https://developers.google.com/search/docs/fundamentals/ai-optimization-guide,Measuring Google AI Overviews,https://arxiv.org/abs/2605.14021,신생 또는 산업 실무 용어라 표준화 수준을 별도 확인함. Google의 생성형 검색 가이드와 연구/공식 문서의 사용 맥락을 대조해 보수적으로 정의함.,medium,verified
SEO-143,GEO,GEO,출처 귀속,Source Attribution,,AI 답변이나 검색 결과가 정보의 원천을 명확히 연결하는 방식.,"AI 답변이나 검색 결과가 정보의 원천을 명확히 연결하는 방식. 실무에서는 GEO 맥락에서 검색엔진, 답변 엔진, 생성형 검색 시스템이 콘텐츠를 발견·이해·표시하는 방식과 연결해 관리한다.",요약 답변 아래에 관련 웹 페이지 링크 표시.,AI 인용;신뢰;GEO,Google Search Central - Optimizing for Generative AI Search,https://developers.google.com/search/docs/fundamentals/ai-optimization-guide,Measuring Google AI Overviews,https://arxiv.org/abs/2605.14021,신생 또는 산업 실무 용어라 표준화 수준을 별도 확인함. Google의 생성형 검색 가이드와 연구/공식 문서의 사용 맥락을 대조해 보수적으로 정의함.,high,verified
SEO-144,GEO,GEO,근거 쿼리,Grounding Query,,AI 답변 생성을 위해 관련 문서를 찾는 데 쓰이는 보조 검색 질의.,"AI 답변 생성을 위해 관련 문서를 찾는 데 쓰이는 보조 검색 질의. 실무에서는 GEO 맥락에서 검색엔진, 답변 엔진, 생성형 검색 시스템이 콘텐츠를 발견·이해·표시하는 방식과 연결해 관리한다.",원래 질문을 여러 세부 질의로 나누어 자료를 찾음.,쿼리 팬아웃;RAG;AI 검색,Google Search Central - Optimizing for Generative AI Search,https://developers.google.com/search/docs/fundamentals/ai-optimization-guide,Measuring Google AI Overviews,https://arxiv.org/abs/2605.14021,신생 또는 산업 실무 용어라 표준화 수준을 별도 확인함. Google의 생성형 검색 가이드와 연구/공식 문서의 사용 맥락을 대조해 보수적으로 정의함.,medium,verified
SEO-145,GEO,GEO,인용 가능성,Citation-worthiness,,AI 검색이나 답변 시스템이 근거로 삼기 좋은 콘텐츠 특성.,"AI 검색이나 답변 시스템이 근거로 삼기 좋은 콘텐츠 특성. 실무에서는 GEO 맥락에서 검색엔진, 답변 엔진, 생성형 검색 시스템이 콘텐츠를 발견·이해·표시하는 방식과 연결해 관리한다.","명확한 정의, 데이터, 원문 출처, 최신 날짜를 제공.",AI 인용;정보 이득;출처 표시,Google Search Central - Optimizing for Generative AI Search,https://developers.google.com/search/docs/fundamentals/ai-optimization-guide,Generative Engine Optimization,https://arxiv.org/abs/2509.08919,신생 또는 산업 실무 용어라 표준화 수준을 별도 확인함. Google의 생성형 검색 가이드와 연구/공식 문서의 사용 맥락을 대조해 보수적으로 정의함.,medium,verified
SEO-146,GEO,GEO,AI 검색 노출,AI Search Visibility,,생성형 검색 기능에서 브랜드나 콘텐츠가 언급·인용되는 정도.,"생성형 검색 기능에서 브랜드나 콘텐츠가 언급·인용되는 정도. 실무에서는 GEO 맥락에서 검색엔진, 답변 엔진, 생성형 검색 시스템이 콘텐츠를 발견·이해·표시하는 방식과 연결해 관리한다.",AI Overview 인용 여부와 관련 쿼리를 추적.,GEO;AI 인용;제로 클릭,Measuring Google AI Overviews,https://arxiv.org/abs/2605.14021,Google Search Central - Optimizing for Generative AI Search,https://developers.google.com/search/docs/fundamentals/ai-optimization-guide,신생 또는 산업 실무 용어라 표준화 수준을 별도 확인함. Google의 생성형 검색 가이드와 연구/공식 문서의 사용 맥락을 대조해 보수적으로 정의함.,medium,verified
SEO-147,GEO,GEO,AI 답변 점유율,Share of AI Answer,,AI 답변에서 특정 브랜드나 출처가 차지하는 언급 비중.,"AI 답변에서 특정 브랜드나 출처가 차지하는 언급 비중. 실무에서는 GEO 맥락에서 검색엔진, 답변 엔진, 생성형 검색 시스템이 콘텐츠를 발견·이해·표시하는 방식과 연결해 관리한다.",비교형 질문에서 우리 브랜드 언급률을 측정.,AI 검색 노출;브랜드 멘션;GEO,Generative Engine Optimization,https://arxiv.org/abs/2509.08919,Measuring Google AI Overviews,https://arxiv.org/abs/2605.14021,신생 또는 산업 실무 용어라 표준화 수준을 별도 확인함. Google의 생성형 검색 가이드와 연구/공식 문서의 사용 맥락을 대조해 보수적으로 정의함.,medium,verified
SEO-148,GEO,GEO,브랜드 멘션,Brand Mention,,링크 여부와 관계없이 브랜드가 검색 결과나 AI 답변에 언급되는 것.,"링크 여부와 관계없이 브랜드가 검색 결과나 AI 답변에 언급되는 것. 실무에서는 GEO 맥락에서 검색엔진, 답변 엔진, 생성형 검색 시스템이 콘텐츠를 발견·이해·표시하는 방식과 연결해 관리한다.",AI 답변이 추천 도구 목록에 브랜드명을 포함.,AI 답변 점유율;엔티티;GEO,Google Search Central - Optimizing for Generative AI Search,https://developers.google.com/search/docs/fundamentals/ai-optimization-guide,Generative Engine Optimization,https://arxiv.org/abs/2509.08919,신생 또는 산업 실무 용어라 표준화 수준을 별도 확인함. Google의 생성형 검색 가이드와 연구/공식 문서의 사용 맥락을 대조해 보수적으로 정의함.,medium,verified
SEO-149,GEO,GEO,멀티모달 검색,Multimodal Search,,"텍스트, 이미지, 음성 등 여러 입력 형태를 활용하는 검색.","텍스트, 이미지, 음성 등 여러 입력 형태를 활용하는 검색. 실무에서는 GEO 맥락에서 검색엔진, 답변 엔진, 생성형 검색 시스템이 콘텐츠를 발견·이해·표시하는 방식과 연결해 관리한다.",사진을 올리고 제품명과 구매처를 묻기.,이미지 SEO;AI Mode;대화형 쿼리,Google Search Central - Optimizing for Generative AI Search,https://developers.google.com/search/docs/fundamentals/ai-optimization-guide,Google Search Central - SEO Starter Guide,https://developers.google.com/search/docs/fundamentals/seo-starter-guide,신생 또는 산업 실무 용어라 표준화 수준을 별도 확인함. Google의 생성형 검색 가이드와 연구/공식 문서의 사용 맥락을 대조해 보수적으로 정의함.,high,verified
SEO-150,GEO,GEO,AI 답변 충실도,Claim Fidelity,,AI 답변의 개별 주장들이 인용 출처에 의해 실제로 뒷받침되는 정도.,"AI 답변의 개별 주장들이 인용 출처에 의해 실제로 뒷받침되는 정도. 실무에서는 GEO 맥락에서 검색엔진, 답변 엔진, 생성형 검색 시스템이 콘텐츠를 발견·이해·표시하는 방식과 연결해 관리한다.",AI Overview의 수치가 링크 문서에 있는지 검증.,AI 인용;출처 귀속;환각,Measuring Google AI Overviews,https://arxiv.org/abs/2605.14021,Google Search Central - Optimizing for Generative AI Search,https://developers.google.com/search/docs/fundamentals/ai-optimization-guide,신생 또는 산업 실무 용어라 표준화 수준을 별도 확인함. Google의 생성형 검색 가이드와 연구/공식 문서의 사용 맥락을 대조해 보수적으로 정의함.,medium,verified
